ticker,quarter_end,fetched_at
20MICRONS,2026-06-30,2026-07-26T12:32:24.833924+00:00
21STCENMGM,2026-06-30,2026-07-26T12:32:25.518604+00:00
360ONE,2026-06-30,2026-07-26T12:32:26.845075+00:00
3IINFOLTD,2026-06-30,2026-07-26T12:32:27.535007+00:00
3MINDIA,2026-06-30,2026-07-26T12:32:28.117028+00:00
3PLAND,2026-06-30,2026-07-26T12:32:28.943423+00:00
5PAISA,2026-06-30,2026-07-26T12:32:29.687809+00:00
63MOONS,2026-06-30,2026-07-26T12:32:30.403453+00:00
A2ZINFRA,2026-06-30,2026-07-26T12:32:31.265767+00:00
AADHARHFC,2026-06-30,2026-07-26T12:32:32.036535+00:00
AARON,2026-06-30,2026-07-26T12:31:33.241423+00:00
AARTIDRUGS,2026-06-30,2026-07-26T12:32:33.032835+00:00
AARTIIND,2026-06-30,2026-07-26T12:32:34.297489+00:00
AARTIPHARM,2026-06-30,2026-07-26T12:32:35.397735+00:00
AARTISURF,2026-06-30,2026-07-26T12:32:36.225708+00:00
AARVI,2026-06-30,2026-07-26T12:32:37.054429+00:00
AATMAJ,unknown,2026-07-26T12:32:37.473187+00:00
AAVAS,2026-06-30,2026-07-26T12:32:38.219412+00:00
ABB,2026-03-31,2026-07-26T12:32:39.036103+00:00
ABCAPITAL,2026-06-30,2026-07-26T12:32:40.519847+00:00
ABCOTS,2026-06-30,2026-07-26T12:32:41.399876+00:00
ABDL,2026-06-30,2026-07-26T12:32:42.330640+00:00
ABFRL,2026-06-30,2026-07-26T12:31:21.620677+00:00
ABINFRA,2026-06-30,2026-07-26T12:32:43.077075+00:00
ABLBL,2026-06-30,2026-07-26T12:32:43.831822+00:00
ABREL,2026-06-30,2026-07-26T12:32:44.574669+00:00
ABSLAMC,2026-06-30,2026-07-26T12:32:45.211230+00:00
ACC,2026-06-30,2026-07-26T12:37:11.546456+00:00
ACCELYA,2026-06-30,2026-07-26T12:37:12.398789+00:00
ACCPL,unknown,2026-07-26T12:37:12.833437+00:00
ACE,2026-06-30,2026-07-26T12:37:13.886702+00:00
ACI,2026-06-30,2026-07-26T12:37:14.786620+00:00
ACL,2026-06-30,2026-07-26T12:37:15.504760+00:00
ACLGATI,2025-09-30,2026-07-26T12:37:16.368817+00:00
ACMESOLAR,2026-06-30,2026-07-26T12:37:17.384572+00:00
ACUTAAS,2026-06-30,2026-07-26T12:37:18.408676+00:00
ADANIENSOL,2026-06-30,2026-07-26T12:37:19.166055+00:00
ADANIENT,2026-07-07,2026-07-26T12:37:20.015588+00:00
ADANIGREEN,2026-06-30,2026-07-26T12:37:20.886342+00:00
ADANIPORTS,2026-06-30,2026-07-26T12:37:21.829232+00:00
ADANIPOWER,2026-06-30,2026-07-26T12:37:22.577784+00:00
ADFFOODS,2026-06-30,2026-07-26T12:37:23.279843+00:00
ADL,2026-06-30,2026-07-26T12:37:24.283625+00:00
ADOR,2026-06-30,2026-07-26T12:37:25.104074+00:00
ADSL,2026-06-30,2026-07-26T12:37:25.814773+00:00
ADVANIHOTR,2026-06-30,2026-07-26T12:37:26.589830+00:00
ADVENZYMES,2026-06-30,2026-07-26T12:37:27.581604+00:00
AEGISLOG,2026-06-30,2026-07-26T12:37:28.548279+00:00
AEGISVOPAK,2026-06-30,2026-07-26T12:37:30.054732+00:00
AEROENTER,2026-06-30,2026-07-26T12:37:30.982422+00:00
AEROFLEX,2026-06-30,2026-07-26T12:37:31.768707+00:00
AERONEU,2026-06-30,2026-07-26T12:37:32.549764+00:00
AETHER,2026-06-30,2026-07-26T12:37:33.444122+00:00
AFCONS,2026-06-30,2026-07-26T12:37:37.725872+00:00
AFFLE,2026-06-30,2026-07-26T12:37:38.780601+00:00
AFFORDABLE,2026-06-30,2026-07-26T12:37:39.657999+00:00
AFIL,2026-06-30,2026-07-26T12:37:40.516392+00:00
AFSL,2026-06-30,2026-07-26T12:37:41.391488+00:00
AGARWALEYE,2026-06-30,2026-07-26T12:37:42.657460+00:00
AGARWALTUF,unknown,2026-07-26T12:37:43.082767+00:00
AGI,2026-06-30,2026-07-26T12:37:44.047592+00:00
AGRITECH,2026-06-30,2026-07-26T12:37:44.794253+00:00
AHLADA,2026-06-30,2026-07-26T12:37:45.630941+00:00
AHLEAST,2026-06-30,2026-07-26T12:37:46.334447+00:00
AIAENG,2026-06-30,2026-07-26T12:37:47.032515+00:00
AIIL,2026-06-30,2026-07-26T12:37:47.722646+00:00
AIRAN,2026-06-30,2026-07-26T12:37:48.530710+00:00
AJANTPHARM,2026-06-30,2026-07-26T12:39:53.090485+00:00
AJAXENGG,2026-06-30,2026-07-26T12:39:54.181563+00:00
AJMERA,2026-06-30,2026-07-26T12:39:55.313757+00:00
AKG,2026-06-30,2026-07-26T12:39:56.067392+00:00
AKSHARCHEM,2026-06-30,2026-07-26T12:39:57.307856+00:00
AKUMS,2026-06-30,2026-07-26T12:39:58.125980+00:00
ALANKIT,2026-06-30,2026-07-26T12:39:58.930271+00:00
ALBERTDAVD,2026-06-30,2026-07-26T12:39:59.619212+00:00
ALEMBICLTD,2026-06-30,2026-07-26T12:40:00.529086+00:00
ALICON,2026-06-30,2026-07-26T12:40:01.461720+00:00
ALIVUS,2026-06-30,2026-07-26T12:40:02.259445+00:00
ALKALI,2026-06-30,2026-07-26T12:40:03.050633+00:00
ALKEM,2026-06-30,2026-07-26T12:40:04.200488+00:00
ALKYLAMINE,2026-06-30,2026-07-26T12:40:05.577108+00:00
ALLCARGO,2026-06-30,2026-07-26T12:40:07.970282+00:00
ALLDIGI,2026-06-30,2026-07-26T12:40:09.158533+00:00
ALLTIME,2026-06-30,2026-07-26T12:40:10.730848+00:00
ALMONDZ,2026-06-30,2026-07-26T12:40:11.769367+00:00
ALOKINDS,2026-06-30,2026-07-26T12:40:12.826628+00:00
ALPEXSOLAR,unknown,2026-07-26T12:40:13.248180+00:00
AMANTA,2026-06-30,2026-07-26T12:40:14.046773+00:00
AMBER,2026-06-30,2026-07-26T12:40:14.905999+00:00
AMBUJACEM,2026-06-30,2026-07-26T12:40:15.796000+00:00
AMDIND,2026-06-30,2026-07-26T12:40:16.425292+00:00
AMJLAND,2026-06-30,2026-07-26T12:40:17.181590+00:00
ANANDRATHI,2026-06-30,2026-07-26T12:40:18.201337+00:00
ANANTRAJ,2026-06-30,2026-07-26T12:40:19.048575+00:00
ANDHRAPAP,2026-06-30,2026-07-26T12:40:19.727611+00:00
ANDHRSUGAR,2026-06-30,2026-07-26T12:40:20.514260+00:00
ANGELONE,2026-06-30,2026-07-26T12:40:21.306183+00:00
ANKITMETAL,2024-03-31,2026-07-26T12:40:22.100124+00:00
ANSALAPI,2026-06-30,2026-07-26T12:40:22.890490+00:00
ANTHEM,2026-06-30,2026-07-26T12:40:23.744259+00:00
ANUHPHR,2026-06-30,2026-07-26T12:40:24.623570+00:00
ANUP,2026-06-30,2026-07-26T12:40:25.588082+00:00
APCOTEXIND,2026-06-30,2026-07-26T12:40:26.314381+00:00
APLAPOLLO,2026-06-30,2026-07-26T12:40:27.210517+00:00
APLLTD,2026-06-30,2026-07-26T12:40:28.173197+00:00
APOLLO,2026-06-30,2026-07-26T12:40:29.036220+00:00
APOLLOHOSP,2026-06-30,2026-07-26T12:40:29.889127+00:00
APOLLOPIPE,2026-06-30,2026-07-26T12:42:21.188800+00:00
APOLLOTYRE,2026-06-30,2026-07-26T12:42:22.942293+00:00
APTECHT,2026-06-30,2026-07-26T12:42:24.023446+00:00
APTUS,2026-06-30,2026-07-26T12:42:24.907943+00:00
ARCHIDPLY,2026-06-30,2026-07-26T12:42:25.544938+00:00
ARIHANTCAP,2026-06-30,2026-07-26T12:42:26.230782+00:00
ARKADE,2026-06-30,2026-07-26T12:42:26.874276+00:00
ARMANFIN,2026-06-30,2026-07-26T12:42:27.633397+00:00
ARROWGREEN,2026-06-30,2026-07-26T12:42:28.449778+00:00
ARTEMISMED,2026-06-30,2026-07-26T12:42:29.323664+00:00
ARVEE,2026-06-30,2026-07-26T12:42:29.897938+00:00
ARVIND,2026-06-30,2026-07-26T12:42:31.140311+00:00
ARVINDFASN,2026-06-30,2026-07-26T12:42:32.033355+00:00
ARVSMART,2026-06-30,2026-07-26T12:42:32.907727+00:00
ASAHIINDIA,2026-06-30,2026-07-26T12:42:33.782661+00:00
ASAHISONG,2026-06-30,2026-07-26T12:42:34.494204+00:00
ASAL,2026-06-30,2026-07-26T12:42:35.187619+00:00
ASALCBR,2026-06-30,2026-07-26T12:42:35.815693+00:00
ASHAPURMIN,2026-06-30,2026-07-26T12:42:36.562505+00:00
ASHIANA,2026-06-30,2026-07-26T12:42:37.346687+00:00
ASHIMASYN,2026-06-30,2026-07-26T12:42:38.016549+00:00
ASHOKA,2026-06-30,2026-07-26T12:42:38.894466+00:00
ASHOKLEY,2026-06-30,2026-07-26T12:42:39.750897+00:00
ASIANENE,2026-06-30,2026-07-26T12:42:40.675518+00:00
ASIANHOTNR,2026-06-30,2026-07-26T12:42:41.252462+00:00
ASIANPAINT,2026-06-30,2026-07-26T12:42:44.433194+00:00
ASIANTILES,2026-06-30,2026-07-26T12:42:45.225727+00:00
ASKAUTOLTD,2026-06-30,2026-07-26T12:42:45.941238+00:00
ASPINWALL,2026-06-30,2026-07-26T12:42:46.727647+00:00
ASTEC,2026-06-30,2026-07-26T12:42:47.824173+00:00
ASTERDM,2026-07-13,2026-07-26T12:42:48.560018+00:00
ASTRAL,2026-06-30,2026-07-26T12:42:49.279997+00:00
ASTRAMICRO,2026-06-30,2026-07-26T12:42:50.084974+00:00
ASTRAZEN,2026-06-30,2026-07-26T12:42:50.985949+00:00
ATAM,2026-06-30,2026-07-26T12:34:40.010797+00:00
ATGL,2026-06-30,2026-07-26T12:42:51.551070+00:00
ATHERENERG,2026-06-30,2026-07-26T12:42:52.209361+00:00
ATL,2026-06-30,2026-07-26T12:42:53.247794+00:00
ATUL,2026-06-30,2026-07-26T12:42:53.888439+00:00
ATULAUTO,2026-06-30,2026-07-26T12:42:54.479712+00:00
AUBANK,2026-06-30,2026-07-26T12:42:55.088635+00:00
AURIONPRO,2026-06-30,2026-07-26T12:44:06.123349+00:00
AUROPHARMA,2026-06-30,2026-07-26T12:44:07.321455+00:00
AURUM,2026-06-30,2026-07-26T12:44:07.956328+00:00
AUTOAXLES,2026-06-30,2026-07-26T12:44:08.710622+00:00
AUTOIND,2026-06-30,2026-07-26T12:44:09.546090+00:00
AVADHSUGAR,2026-06-30,2026-07-26T12:44:10.517529+00:00
AVALON,2026-06-30,2026-07-26T12:44:11.474602+00:00
AVANTEL,2026-06-30,2026-07-26T12:44:12.298664+00:00
AVANTIFEED,2026-06-30,2026-07-26T12:44:13.154086+00:00
AVL,2026-06-30,2026-07-26T12:44:13.721047+00:00
AVONMORE,2026-06-30,2026-07-26T12:44:14.399259+00:00
AVROIND,2026-06-30,2026-07-26T12:44:15.073642+00:00
AVTNPL,2026-06-30,2026-07-26T12:44:15.682921+00:00
AWFIS,2026-06-30,2026-07-26T12:44:16.456833+00:00
AWHCL,2026-06-30,2026-07-26T12:44:17.387126+00:00
AWL,2026-06-30,2026-07-26T12:44:18.035699+00:00
AXISBANK,2026-06-30,2026-07-26T12:44:18.930348+00:00
AXISCADES,2026-06-30,2026-07-26T12:44:19.667980+00:00
AXITA,2026-06-30,2026-07-26T12:44:20.348033+00:00
AYMSYNTEX,2026-06-30,2026-07-26T12:44:21.174088+00:00
AZAD,2026-06-30,2026-07-26T12:34:40.829984+00:00
BAFNAPH,2026-06-30,2026-07-26T12:44:21.792394+00:00
BAJAJCON,2026-06-30,2026-07-26T12:44:22.409975+00:00
BAJAJELEC,2026-06-30,2026-07-26T12:44:23.438828+00:00
BAJAJFINSV,2026-06-30,2026-07-26T12:44:24.609018+00:00
BAJAJHCARE,2026-06-30,2026-07-26T12:44:25.181175+00:00
BAJAJHFL,2026-06-30,2026-07-26T12:44:25.729412+00:00
BAJAJHIND,2026-06-30,2026-07-26T12:44:26.454218+00:00
BAJAJHLDNG,2026-06-30,2026-07-26T12:44:28.937704+00:00
BAJAJINDEF,2026-06-30,2026-07-26T12:44:29.646854+00:00
BAJEL,2026-06-30,2026-07-26T12:44:30.719254+00:00
BAJFINANCE,2026-06-30,2026-07-26T12:44:31.977575+00:00
BALAJEE,2026-06-30,2026-07-26T12:44:32.602330+00:00
BALAJITELE,2026-06-30,2026-07-26T12:44:33.377995+00:00
BALAMINES,2026-06-30,2026-07-26T12:59:48.414141+00:00
BALAXI,2026-06-30,2026-07-26T12:44:34.547941+00:00
BALKRISIND,2026-06-30,2026-07-26T12:44:35.066944+00:00
BALRAMCHIN,2026-06-30,2026-07-26T12:44:35.742750+00:00
BALUFORGE,2026-06-30,2026-07-26T12:44:36.481544+00:00
BANDHANBNK,2026-06-30,2026-07-26T12:44:37.504316+00:00
BANG,2026-06-30,2026-07-26T12:44:38.247212+00:00
BANKA,2026-06-30,2026-07-26T12:46:05.683024+00:00
BANKBARODA,2026-06-30,2026-07-26T12:46:06.486319+00:00
BANKINDIA,2026-06-30,2026-07-26T12:46:07.090207+00:00
BANSWRAS,2026-06-30,2026-07-26T12:46:07.796856+00:00
BASF,2026-06-30,2026-07-26T12:46:08.633069+00:00
BASILIC,unknown,2026-07-26T12:46:09.008907+00:00
BASML,2026-06-30,2026-07-26T12:46:09.763325+00:00
BATAINDIA,2026-06-30,2026-07-26T12:46:10.584484+00:00
BBL,2026-06-30,2026-07-26T12:46:11.311354+00:00
BBOX,2026-06-30,2026-07-26T12:46:11.936932+00:00
BBTC,2026-06-30,2026-07-26T12:46:12.946308+00:00
BCONCEPTS,2026-06-30,2026-07-26T12:46:13.546078+00:00
BDL,2026-06-30,2026-07-26T12:46:14.097059+00:00
BEARDSELL,2026-06-30,2026-07-26T12:46:14.671603+00:00
BECTORFOOD,2026-06-30,2026-07-26T12:46:15.321213+00:00
BEL,2026-06-30,2026-07-26T12:46:15.893356+00:00
BELLACASA,2026-06-30,2026-07-26T12:46:16.457264+00:00
BELRISE,2026-07-17,2026-07-26T12:46:17.554223+00:00
BEML,2026-06-30,2026-07-26T12:46:18.112129+00:00
BERGEPAINT,2026-06-30,2026-07-26T12:46:18.729872+00:00
BESTAGRO,2026-06-30,2026-07-26T12:46:19.306996+00:00
BFINVEST,2026-06-30,2026-07-26T12:46:19.998083+00:00
BFUTILITIE,2026-06-30,2026-07-26T12:46:20.802141+00:00
BHAGCHEM,2026-06-30,2026-07-26T12:46:21.458540+00:00
BHAGERIA,2026-06-30,2026-07-26T12:46:22.103349+00:00
BHAGYANGR,2026-06-30,2026-07-26T12:46:22.877987+00:00
BHARATFORG,2026-06-30,2026-07-26T12:46:23.580729+00:00
BHARATSE,2026-06-30,2026-07-26T12:46:24.204538+00:00
BHARATWIRE,2026-06-30,2026-07-26T12:46:24.961189+00:00
BHARTIARTL,2026-06-30,2026-07-26T12:46:25.615512+00:00
BHARTIHEXA,2026-06-30,2026-07-26T12:46:28.495043+00:00
BHEL,2026-06-30,2026-07-26T12:46:29.147782+00:00
BIGBLOC,2026-06-30,2026-07-26T12:46:30.037632+00:00
BIGCO,unknown,2026-07-26T12:31:29.343829+00:00
BIKAJI,2026-06-30,2026-07-26T12:46:30.931264+00:00
BIL,2026-06-30,2026-07-26T12:46:31.797316+00:00
BILVYAPAR,2026-06-30,2026-07-26T12:46:32.786689+00:00
BIOCON,2026-06-30,2026-07-26T12:46:33.647602+00:00
BIRLACABLE,2026-06-30,2026-07-26T12:46:34.362637+00:00
BIRLACORPN,2026-06-30,2026-07-26T12:46:35.219400+00:00
BIRLAMONEY,2026-06-30,2026-07-26T12:46:35.885422+00:00
BIRLANU,2026-06-30,2026-07-26T13:01:37.359382+00:00
BLACKBUCK,2026-06-30,2026-07-26T13:01:38.359562+00:00
BLAL,2026-06-30,2026-07-26T13:01:39.190913+00:00
BLISSGVS,2026-06-30,2026-07-26T13:01:40.553798+00:00
BLKASHYAP,2026-03-31,2026-07-26T13:01:41.224490+00:00
BLS,2026-06-30,2026-07-26T13:01:42.930913+00:00
BLSE,2026-06-30,2026-07-26T13:01:44.895885+00:00
BLUECOAST,2026-06-30,2026-07-26T13:01:45.890935+00:00
BLUEDART,2026-06-30,2026-07-26T13:01:46.560749+00:00
BLUEJET,2026-07-09,2026-07-26T13:01:47.211775+00:00
BLUESTARCO,2026-06-30,2026-07-26T13:01:48.218573+00:00
BLUESTONE,2026-06-30,2026-07-26T13:01:49.351334+00:00
BLUSPRING,2026-06-30,2026-07-26T13:01:50.140796+00:00
BODALCHEM,2026-06-30,2026-07-26T13:01:50.782041+00:00
BOHRAIND,2026-03-31,2026-07-26T13:01:51.389037+00:00
BOMDYEING,2026-06-30,2026-07-26T13:01:52.926914+00:00
BORANA,2026-06-30,2026-07-26T13:01:53.587785+00:00
BOROLTD,2026-06-30,2026-07-26T13:01:54.392920+00:00
BORORENEW,2026-06-30,2026-07-26T13:01:55.250229+00:00
BOROSCI,2026-06-30,2026-07-26T13:01:56.013273+00:00
BOSCHLTD,2026-06-30,2026-07-26T13:01:56.712457+00:00
BPCL,2026-06-30,2026-07-26T13:01:57.585683+00:00
BRIGADE,2026-06-30,2026-07-26T13:01:58.335897+00:00
BRIGHOTEL,2026-06-30,2026-07-26T13:01:59.170527+00:00
BRITANNIA,2026-06-30,2026-07-26T13:02:00.361582+00:00
BSE,2026-06-30,2026-07-26T13:02:01.227998+00:00
BSL,2026-06-30,2026-07-26T13:02:02.097765+00:00
BSOFT,2026-06-30,2026-07-26T13:02:02.869562+00:00
BTML,2026-06-30,2026-07-26T13:02:03.600559+00:00
BUTTERFLY,2026-06-30,2026-07-26T13:02:04.185363+00:00
BYKE,2026-06-30,2026-07-26T13:02:05.049990+00:00
C2C,unknown,2026-07-26T13:02:05.417445+00:00
CALSOFT,2026-06-30,2026-07-26T13:02:06.154988+00:00
CAMLINFINE,2026-06-30,2026-07-26T13:02:06.873306+00:00
CAMPUS,2026-06-30,2026-07-26T13:02:07.603938+00:00
CAMS,2026-06-30,2026-07-26T13:02:08.469150+00:00
CANBK,2026-06-30,2026-07-26T13:02:09.189347+00:00
CANFINHOME,2026-06-30,2026-07-26T13:02:09.976975+00:00
CAPACITE,2026-06-30,2026-07-26T13:02:10.970198+00:00
CAPITALSFB,2026-06-30,2026-07-26T13:02:12.089100+00:00
CAPLIPOINT,2026-06-30,2026-07-26T13:34:42.381387+00:00
CAPTRUST,2026-06-30,2026-07-26T13:34:43.108746+00:00
CARBORUNIV,2026-06-30,2026-07-26T13:34:45.507344+00:00
CARERATING,2026-06-30,2026-07-26T13:34:46.079903+00:00
CARRARO,2026-06-30,2026-07-26T13:34:46.763669+00:00
CARTRADE,2026-06-30,2026-07-26T13:34:47.547915+00:00
CARYSIL,2026-06-30,2026-07-26T13:34:48.304292+00:00
CASTROLIND,2026-06-30,2026-07-26T13:34:48.885418+00:00
CCCL,2026-06-30,2026-07-26T13:34:49.540878+00:00
CCHHL,2026-06-30,2026-07-26T13:34:50.127479+00:00
CCL,2026-06-30,2026-07-26T13:34:50.741274+00:00
CDSL,2026-06-30,2026-07-26T13:34:51.501736+00:00
CEATLTD,2026-06-30,2026-07-26T13:34:52.413839+00:00
CEIGALL,2026-06-30,2026-07-26T13:34:53.126819+00:00
CELEBRITY,2026-06-30,2026-07-26T13:34:53.810699+00:00
CEMPRO,2026-06-30,2026-07-26T13:34:54.494618+00:00
CENTENKA,2026-06-30,2026-07-26T13:34:55.632160+00:00
CENTEXT,2026-06-30,2026-07-26T13:34:56.410810+00:00
CENTRALBK,2026-06-30,2026-07-26T13:34:57.098648+00:00
CENTRUM,2026-06-30,2026-07-26T13:34:57.791509+00:00
CENTUM,2026-06-30,2026-07-26T13:34:58.345040+00:00
CENTURYPLY,2026-06-30,2026-07-26T13:34:59.094384+00:00
CERA,2026-06-30,2026-07-26T13:34:59.999735+00:00
CESC,2026-06-30,2026-07-26T13:35:00.773667+00:00
CEWATER,2026-06-30,2026-07-26T13:35:01.546526+00:00
CGCL,2026-06-30,2026-07-26T13:35:02.243113+00:00
CGPOWER,2026-06-30,2026-07-26T13:35:04.245606+00:00
CHALET,2026-06-30,2026-07-26T13:35:05.701814+00:00
CHAMBLFERT,2026-06-30,2026-07-26T13:35:06.457957+00:00
CHANDAN,unknown,2026-07-26T13:35:06.796686+00:00
CHAVDA,unknown,2026-07-26T13:35:07.209508+00:00
CHEMBOND,2026-06-30,2026-07-26T13:35:08.004508+00:00
CHEMBONDCH,2026-06-30,2026-07-26T13:35:08.884062+00:00
CHEMFAB,2026-06-30,2026-07-26T13:35:09.700887+00:00
CHEMPLASTS,2026-06-30,2026-07-26T13:35:10.428789+00:00
CHENNPETRO,2026-06-30,2026-07-26T13:35:11.209582+00:00
CHEVIOT,2026-06-30,2026-07-26T13:35:12.047101+00:00
CHOICEIN,2026-06-30,2026-07-26T13:35:12.948360+00:00
CHOLAFIN,2026-06-30,2026-07-26T13:35:15.365894+00:00
CHOLAHLDNG,2026-06-30,2026-07-26T13:35:17.857848+00:00
CIEINDIA,2026-06-30,2026-07-26T13:37:12.622356+00:00
CIGNITITEC,2026-03-31,2026-07-26T13:37:13.512668+00:00
CIPLA,2026-06-30,2026-07-26T13:37:14.315462+00:00
CLEAN,2026-06-30,2026-07-26T13:37:15.635707+00:00
CLEDUCATE,2026-06-30,2026-07-26T13:37:16.283644+00:00
CLSEL,2026-06-30,2026-07-26T12:59:49.389779+00:00
CMRSL,unknown,2026-07-26T13:37:16.953748+00:00
CMSINFO,2026-06-30,2026-07-26T13:37:17.834926+00:00
COALINDIA,2026-06-30,2026-07-26T13:37:18.705602+00:00
COASTCORP,2026-06-30,2026-07-26T13:37:20.250333+00:00
COCHINSHIP,2026-06-30,2026-07-26T13:37:20.913112+00:00
COFORGE,2026-06-30,2026-07-26T13:37:21.687082+00:00
COHANCE,2026-06-30,2026-07-26T13:37:22.372757+00:00
COLPAL,2026-06-30,2026-07-26T13:37:23.017680+00:00
CONCORDBIO,2026-06-30,2026-07-26T13:39:26.037161+00:00
CONFIPET,2026-06-30,2026-07-26T13:39:26.933063+00:00
CONSOFINVT,2026-06-30,2026-07-26T13:39:28.183888+00:00
CONTROLPR,2026-06-30,2026-07-26T13:39:29.187537+00:00
COROMANDEL,2026-06-30,2026-07-26T13:39:32.014426+00:00
COSMOFIRST,2026-06-30,2026-07-26T13:39:33.181782+00:00
COUNCODOS,2026-06-30,2026-07-26T13:39:34.014513+00:00
CPCAP,2026-06-30,2026-07-26T13:39:34.806065+00:00
CPEDU,2026-06-30,2026-07-26T13:39:35.733929+00:00
CPPLUS,2026-06-30,2026-07-26T13:39:36.984002+00:00
CRAFTSMAN,2026-06-30,2026-07-26T13:39:37.896854+00:00
CREDITACC,2026-06-30,2026-07-26T13:39:38.515716+00:00
CREST,2026-06-30,2026-07-26T13:39:39.296852+00:00
CRISIL,2026-06-30,2026-07-26T13:39:43.424135+00:00
CROMPTON,2026-06-30,2026-07-26T13:39:44.039979+00:00
CSBBANK,2026-06-30,2026-07-26T13:39:44.615390+00:00
CUB,2026-06-30,2026-07-26T13:39:45.366021+00:00
CUMMINSIND,2026-06-30,2026-07-26T13:39:45.965112+00:00
CUPID,2026-06-30,2026-07-26T13:39:46.577659+00:00
CURRENT,unknown,2026-07-26T13:39:46.857619+00:00
CYBERMEDIA,2026-06-30,2026-07-26T13:39:47.732210+00:00
CYIENT,2026-07-15,2026-07-26T13:39:48.376817+00:00
CYIENTDLM,2026-06-30,2026-07-26T13:39:49.043367+00:00
DABUR,2026-06-30,2026-07-26T13:39:50.859543+00:00
DALBHARAT,2026-06-30,2026-07-26T13:39:51.849453+00:00
DALMIASUG,2026-06-30,2026-07-26T13:41:19.495460+00:00
DAMCAPITAL,2026-06-30,2026-07-26T13:41:20.207715+00:00
DAMODARIND,2026-06-30,2026-07-26T13:41:20.984903+00:00
DATAMATICS,2026-06-30,2026-07-26T13:41:21.928500+00:00
DATAPATTNS,2026-06-30,2026-07-26T13:41:22.658869+00:00
DAVANGERE,2026-06-30,2026-07-26T13:41:23.470714+00:00
DBCORP,2026-06-30,2026-07-26T13:41:25.296672+00:00
DBEIL,2026-06-30,2026-07-26T13:41:26.201942+00:00
DBL,2026-06-30,2026-07-26T13:41:26.947223+00:00
DBOL,2026-06-30,2026-07-26T13:41:27.758289+00:00
DBREALTY,2026-06-30,2026-07-26T13:41:29.401507+00:00
DCBBANK,2026-06-30,2026-07-26T13:41:30.093596+00:00
DCI,2026-06-30,2026-07-26T13:41:31.134328+00:00
DCM,2026-06-30,2026-07-26T13:41:31.924819+00:00
DCMFINSERV,2026-06-30,2026-07-26T13:41:32.646110+00:00
DCMNVL,2026-06-30,2026-07-26T13:41:33.379811+00:00
DCMSHRIRAM,2026-06-30,2026-07-26T13:41:34.131279+00:00
DCMSRIND,2026-06-30,2026-07-26T13:41:34.932624+00:00
DDEVPLSTIK,2026-06-30,2026-07-26T13:41:35.741059+00:00
DECCANCE,2026-06-30,2026-07-26T13:41:36.595340+00:00
DEEPAKFERT,2026-06-30,2026-07-26T13:41:37.684565+00:00
DEEPAKNTR,2026-06-30,2026-07-26T13:41:38.698205+00:00
DEEPINDS,2026-06-30,2026-07-26T13:41:40.351936+00:00
DELHIVERY,2026-06-30,2026-07-26T13:41:41.135951+00:00
DELPHIFX,2026-06-30,2026-07-26T13:41:41.876716+00:00
DELTACORP,2026-06-30,2026-07-26T13:51:14.170115+00:00
DELTAMAGNT,2026-06-30,2026-07-26T13:51:15.496050+00:00
DEN,2026-06-30,2026-07-26T13:51:16.487883+00:00
DEVIT,2026-06-30,2026-07-26T13:51:17.279356+00:00
DEVX,2026-06-30,2026-07-26T13:51:18.383965+00:00
DEVYANI,2026-06-30,2026-07-26T13:51:19.466977+00:00
DGCONTENT,2026-06-30,2026-07-26T13:51:20.217724+00:00
DHAMPURSUG,2026-06-30,2026-07-26T13:51:21.171348+00:00
DHANBANK,2026-06-30,2026-07-26T13:51:21.882983+00:00
DHANI,2025-09-30,2026-07-26T13:51:22.576455+00:00
DHANUKA,2026-06-30,2026-07-26T13:51:23.400172+00:00
DHARAN,2025-09-30,2026-07-26T13:51:24.238822+00:00
DHARMAJ,2026-06-30,2026-07-26T13:51:24.902434+00:00
DHUNINV,2026-06-30,2026-07-26T13:51:25.923839+00:00
DIACABS,2026-06-30,2026-07-26T13:51:26.714229+00:00
DIAMINESQ,2026-06-30,2026-07-26T13:51:27.423127+00:00
DICIND,2026-06-30,2026-07-26T13:51:28.118710+00:00
DIGIDRIVE,2026-06-30,2026-07-26T13:51:28.818046+00:00
DIGISPICE,2026-06-30,2026-07-26T13:51:29.871058+00:00
DIGITIDE,2026-06-30,2026-07-26T13:51:30.601559+00:00
DIGJAMLMTD,2026-06-30,2026-07-26T13:51:31.243748+00:00
DIVGIITTS,2026-06-30,2026-07-26T13:51:31.891504+00:00
DIVISLAB,2026-06-30,2026-07-26T13:51:32.643138+00:00
DIXON,2026-06-30,2026-07-26T13:51:33.386852+00:00
DLF,2026-06-30,2026-07-26T13:51:34.215194+00:00
DLINKINDIA,2026-06-30,2026-07-26T13:53:17.224355+00:00
DMART,2026-06-30,2026-07-26T13:53:18.028272+00:00
DNAMEDIA,2026-06-30,2026-07-26T13:53:19.073381+00:00
DODLA,2026-06-30,2026-07-26T13:53:19.632380+00:00
DOLLAR,2026-06-30,2026-07-26T13:53:20.490458+00:00
DOLLEX,unknown,2026-07-26T13:53:20.831897+00:00
DOLPHIN,2026-06-30,2026-07-26T13:53:21.594363+00:00
DONEAR,2026-06-30,2026-07-26T13:53:22.404816+00:00
DPSCLTD,2026-06-30,2026-07-26T13:53:23.103681+00:00
DRCSYSTEMS,2026-06-30,2026-07-26T13:53:23.921040+00:00
DREAMFOLKS,2026-06-30,2026-07-26T13:53:24.698401+00:00
DREDGECORP,2026-06-30,2026-07-26T13:53:25.611834+00:00
DRREDDY,2026-06-30,2026-07-26T13:53:27.196037+00:00
DTIL,2026-06-30,2026-07-26T13:53:28.118121+00:00
DUCON,2026-06-30,2026-07-26T13:53:29.032644+00:00
DURLAX,unknown,2026-07-26T13:53:29.433518+00:00
DVL,2026-06-30,2026-07-26T13:53:30.423222+00:00
DWARKESH,2026-06-30,2026-07-26T13:53:31.287532+00:00
DYCL,2026-06-30,2026-07-26T13:53:32.141244+00:00
DYNAMATECH,2026-06-30,2026-07-26T13:53:32.871391+00:00
EASEMYTRIP,2026-06-30,2026-07-26T13:53:33.476494+00:00
ECLERX,2026-06-30,2026-07-26T13:53:34.191468+00:00
ECOSMOBLTY,2026-06-30,2026-07-26T13:53:34.911487+00:00
EDELWEISS,2026-06-30,2026-07-26T13:53:35.791958+00:00
EFCIL,2026-06-30,2026-07-26T13:53:36.647978+00:00
EICHERMOT,2026-06-30,2026-07-26T14:01:27.565644+00:00
EIDPARRY,2026-06-30,2026-07-26T14:01:31.162285+00:00
EIEL,2026-06-30,2026-07-26T14:01:31.798110+00:00
EIHAHOTELS,2026-06-30,2026-07-26T14:01:32.532828+00:00
EIHOTEL,2026-06-30,2026-07-26T14:01:33.216101+00:00
EIMCOELECO,2026-06-30,2026-07-26T14:01:33.924135+00:00
EKC,2026-06-30,2026-07-26T14:01:34.766381+00:00
ELECON,2026-06-30,2026-07-26T14:01:36.098107+00:00
ELECTCAST,2026-06-30,2026-07-26T14:01:37.502393+00:00
ELECTHERM,2026-06-30,2026-07-26T14:01:38.711296+00:00
ELGIEQUIP,2026-06-30,2026-07-26T14:01:39.532684+00:00
ELGIRUBCO,2026-06-30,2026-07-26T14:01:40.429228+00:00
EMAMILTD,2026-06-30,2026-07-26T14:01:41.980833+00:00
EMAMIPAP,2026-06-30,2026-07-26T14:01:42.885574+00:00
EMAMIREAL,2026-06-30,2026-07-26T14:01:44.129220+00:00
EMBDL,2026-06-30,2026-07-26T14:01:46.107891+00:00
EMCURE,2026-06-30,2026-07-26T14:01:46.414520+00:00
EMKAY,2026-06-30,2026-07-26T14:01:46.957481+00:00
EMSLIMITED,2026-06-30,2026-07-26T14:01:47.647519+00:00
EMUDHRA,2026-06-30,2026-07-26T14:01:48.294699+00:00
ENDURANCE,2026-06-30,2026-07-26T14:01:49.084990+00:00
ENGINERSIN,2026-06-30,2026-07-26T14:01:49.774151+00:00
ENIL,2026-06-30,2026-07-26T14:01:50.252033+00:00
ENRIN,2026-06-30,2026-07-26T14:01:51.173372+00:00
ENTERO,2026-06-30,2026-07-26T14:01:52.089836+00:00
EPACK,2026-06-30,2026-07-26T14:01:53.713594+00:00
EPACKPEB,2026-06-30,2026-07-26T14:01:55.120851+00:00
EPIGRAL,2026-06-30,2026-07-26T14:01:55.996907+00:00
EPL,2026-06-30,2026-07-26T14:01:56.788452+00:00
EQUIPPP,2026-06-30,2026-07-26T14:01:57.551756+00:00
EQUITASBNK,2026-06-30,2026-07-26T14:01:58.521846+00:00
ERIS,2026-06-30,2026-07-26T14:01:59.600241+00:00
ESABINDIA,2026-06-30,2026-07-26T14:02:00.196623+00:00
ESAFSFB,2026-06-30,2026-07-26T14:02:00.966804+00:00
ESCONET,unknown,2026-07-26T14:02:01.435327+00:00
ESCORTS,2026-06-30,2026-07-26T14:02:02.399635+00:00
ESFL,unknown,2026-07-26T14:02:02.826677+00:00
ESSENTIA,2026-06-11,2026-07-26T14:02:03.467523+00:00
ESTER,2026-06-30,2026-07-26T14:14:03.680819+00:00
ETERNAL,2026-06-30,2026-07-26T14:14:05.117603+00:00
ETHOSLTD,2026-06-30,2026-07-26T14:14:05.896373+00:00
EUREKAFORB,2026-06-30,2026-07-26T14:14:06.680862+00:00
EUROBOND,2026-06-30,2026-07-26T14:14:07.579134+00:00
EVEREADY,2026-06-30,2026-07-26T14:14:08.513974+00:00
EVERESTIND,2026-06-30,2026-07-26T14:14:09.169385+00:00
EXCELINDUS,2026-06-30,2026-07-26T12:59:49.988256+00:00
EXICOM,2026-06-30,2026-07-26T14:14:10.222721+00:00
EXIDEIND,2026-06-30,2026-07-26T14:14:10.990062+00:00
EXPLEOSOL,2026-06-30,2026-07-26T14:14:11.567631+00:00
EXXARO,2026-06-30,2026-07-26T14:14:12.323139+00:00
FAIRCHEMOR,2026-06-30,2026-07-26T14:14:12.964569+00:00
FCONSUMER,2025-03-31,2026-07-26T14:14:13.634756+00:00
FDC,2026-06-30,2026-07-26T14:14:14.294776+00:00
FEDERALBNK,2026-06-30,2026-07-26T14:14:15.080618+00:00
FEDFINA,2026-06-30,2026-07-26T14:14:15.609608+00:00
FEL,2023-03-31,2026-07-26T14:14:16.307948+00:00
FILATEX,2026-06-30,2026-07-26T14:14:16.896108+00:00
FINEORG,2026-06-30,2026-07-26T14:14:17.847681+00:00
FINOPB,2026-06-30,2026-07-26T14:14:18.444554+00:00
FINPIPE,2026-06-30,2026-07-26T14:14:19.112735+00:00
FIRSTCRY,2026-06-30,2026-07-26T14:14:19.791251+00:00
FIVESTAR,2026-06-30,2026-07-26T14:14:20.457536+00:00
FLUOROCHEM,2026-06-30,2026-07-26T14:14:21.090316+00:00
FMGOETZE,2026-06-30,2026-07-26T14:14:21.747090+00:00
FOODSIN,2026-06-30,2026-07-26T14:19:16.084159+00:00
FORCEMOT,2026-06-30,2026-07-26T12:59:50.439448+00:00
FORTIS,2026-06-30,2026-07-26T14:19:16.768069+00:00
FOSECOIND,2026-06-30,2026-07-26T14:19:17.450141+00:00
FSL,2026-06-30,2026-07-26T14:19:18.086045+00:00
FUSION,2026-06-30,2026-07-26T14:19:18.969144+00:00
GABRIEL,2026-06-30,2026-07-26T14:19:19.784995+00:00
GAEL,2026-06-30,2026-07-26T14:19:20.396628+00:00
GAIL,2026-06-30,2026-07-26T14:19:20.919234+00:00
GALAPREC,2026-06-30,2026-07-26T14:19:21.510907+00:00
GALAXYSURF,2026-06-30,2026-07-26T14:19:22.451161+00:00
GANDHAR,2026-06-30,2026-07-26T14:19:23.087203+00:00
GANECOS,2026-06-30,2026-07-26T14:19:23.778165+00:00
GANESHHOU,2026-06-30,2026-07-26T14:19:24.629505+00:00
GANESHIN,unknown,2026-07-26T14:19:25.097320+00:00
GANGESSECU,2026-06-30,2026-07-26T14:19:25.922108+00:00
GARUDA,2026-06-30,2026-07-26T14:19:26.590090+00:00
GATEWAY,2026-06-30,2026-07-26T14:19:27.397889+00:00
GEECEE,2026-06-30,2026-07-26T14:19:28.053301+00:00
GENSOL,2025-03-31,2026-07-26T14:19:28.970914+00:00
GENUSPAPER,2026-06-30,2026-07-26T14:19:29.706685+00:00
GENUSPOWER,2026-06-30,2026-07-26T14:19:30.483126+00:00
GEOJITFSL,2026-06-30,2026-07-26T14:19:31.159951+00:00
GESHIP,2026-06-30,2026-07-26T14:19:31.743907+00:00
GFLLIMITED,2026-06-30,2026-07-26T14:19:32.321752+00:00
GFSTEELS,2026-06-30,2026-07-26T14:19:32.891996+00:00
GHCL,2026-06-30,2026-07-26T14:53:27.039424+00:00
GHCLTEXTIL,2026-06-30,2026-07-26T14:53:28.170543+00:00
GICHSGFIN,2026-06-30,2026-07-26T14:53:29.038212+00:00
GICRE,2026-06-30,2026-07-26T14:53:29.912819+00:00
GILLANDERS,2026-06-30,2026-07-26T14:53:31.311743+00:00
GILLETTE,2026-06-30,2026-07-26T14:53:34.423657+00:00
GINNIFILA,2026-06-30,2026-07-26T14:53:35.229646+00:00
GIPCL,2026-06-30,2026-07-26T14:53:36.458653+00:00
GIRIRAJ,unknown,2026-07-26T14:53:36.095224+00:00
GKWLIMITED,2026-06-30,2026-07-26T14:53:37.255367+00:00
GLAND,2026-06-30,2026-07-26T14:53:38.164579+00:00
GLAXO,2026-06-30,2026-07-26T14:53:38.712298+00:00
GLENMARK,2026-06-30,2026-07-26T14:53:39.293729+00:00
GLOBALE,2026-06-30,2026-07-26T14:53:39.859658+00:00
GLOBUSSPR,2026-06-30,2026-07-26T14:53:40.465938+00:00
GLOSTERLTD,2026-06-30,2026-07-26T14:53:40.955906+00:00
GMDCLTD,2026-06-30,2026-07-26T14:53:41.571328+00:00
GMMPFAUDLR,2026-06-30,2026-07-26T14:53:42.234181+00:00
GMRAIRPORT,2026-06-30,2026-07-26T14:53:45.472994+00:00
GMRP&UI,2026-06-30,2026-07-26T14:53:47.317881+00:00
GNA,2026-06-30,2026-07-26T14:53:47.999733+00:00
GNFC,2026-06-30,2026-07-26T14:53:48.634751+00:00
GOACARBON,2026-06-30,2026-07-26T14:53:49.542568+00:00
GOCLCORP,2026-06-30,2026-07-26T14:53:50.078974+00:00
GODAVARIB,2026-06-30,2026-07-26T14:53:51.024569+00:00
GODFRYPHLP,2026-06-30,2026-07-26T14:53:52.851469+00:00
GODIGIT,2026-06-30,2026-07-26T14:53:53.653957+00:00
GODREJAGRO,2026-06-30,2026-07-26T14:53:55.164130+00:00
GODREJCP,2026-06-30,2026-07-26T14:53:56.186589+00:00
GODREJIND,2026-06-30,2026-07-26T14:53:57.360869+00:00
GODREJPROP,2026-06-30,2026-07-26T14:53:58.671732+00:00
GOKEX,2026-06-30,2026-07-26T14:53:59.367033+00:00
GOLDIAM,2026-06-30,2026-07-26T14:58:36.685896+00:00
GOLDSTAR,unknown,2026-07-26T14:58:37.039574+00:00
GOLDTECH,2026-06-30,2026-07-26T14:58:37.882351+00:00
GOODLUCK,2026-06-30,2026-07-26T14:58:38.910560+00:00
GOYALALUM,2026-06-30,2026-07-26T14:58:39.587696+00:00
GPIL,2026-06-30,2026-07-26T14:58:40.568461+00:00
GPPL,2026-06-30,2026-07-26T14:58:41.681406+00:00
GPTHEALTH,2026-06-30,2026-07-26T14:58:42.895528+00:00
GPTINFRA,2026-06-30,2026-07-26T14:58:44.318920+00:00
GRANULES,2026-06-30,2026-07-26T14:58:44.957211+00:00
GRAPHITE,2026-06-30,2026-07-26T14:58:45.579996+00:00
GRASIM,2026-06-30,2026-07-26T12:34:41.435754+00:00
GREAVESCOT,2026-06-30,2026-07-26T14:58:46.176738+00:00
GREENLAM,2026-06-30,2026-07-26T14:58:46.780792+00:00
GREENPANEL,2026-06-30,2026-07-26T14:58:47.395239+00:00
GREENPLY,2026-06-30,2026-07-26T14:58:48.084093+00:00
GREENPOWER,2026-06-30,2026-07-26T14:58:48.712387+00:00
GRINDWELL,2026-06-30,2026-07-26T14:58:49.392114+00:00
GRINFRA,2026-06-30,2026-07-26T14:58:50.127241+00:00
GRPLTD,2026-06-30,2026-07-26T14:58:50.752439+00:00
GRSE,2026-06-30,2026-07-26T14:58:51.441598+00:00
GRWRHITECH,2026-06-30,2026-07-26T14:58:52.010357+00:00
GSFC,2026-06-30,2026-07-26T14:58:52.616494+00:00
GSMFOILS,unknown,2026-07-26T14:58:52.905263+00:00
GSPL,2026-03-31,2026-07-26T14:58:53.451137+00:00
GSS,2026-06-30,2026-07-26T14:58:54.067108+00:00
GTPL,2026-06-30,2026-07-26T14:59:04.323713+00:00
GUFICBIO,2026-06-30,2026-07-26T14:59:05.275425+00:00
GUJALKALI,2026-06-30,2026-07-26T14:59:06.027345+00:00
GUJAPOLLO,2026-06-30,2026-07-26T14:59:06.766571+00:00
GUJTHEM,2026-06-30,2026-07-26T14:59:07.415024+00:00
GULFOILLUB,2026-06-30,2026-07-26T14:59:08.090806+00:00
GULPOLY,2026-06-30,2026-07-26T14:59:08.948392+00:00
GVKPIL,2026-06-30,2026-07-26T14:59:09.726433+00:00
GVPIL,2026-06-30,2026-07-26T14:59:10.458182+00:00
GVT&D,2026-06-30,2026-07-26T14:59:11.390366+00:00
HAL,2026-06-30,2026-07-26T14:59:12.077982+00:00
HALEOSLABS,2026-06-30,2026-07-26T14:59:12.908860+00:00
HAPPSTMNDS,2026-06-30,2026-07-26T14:59:13.635615+00:00
HAPPYFORGE,2026-06-30,2026-07-26T14:59:14.279306+00:00
HARRMALAYA,2026-06-30,2026-07-26T14:59:14.964657+00:00
HARSHA,2026-06-30,2026-07-26T14:59:15.670017+00:00
HATHWAY,2026-06-30,2026-07-26T14:59:16.295157+00:00
HAVELLS,2026-06-30,2026-07-26T14:59:17.049117+00:00
HAVISHA,2026-06-30,2026-07-26T14:59:17.944011+00:00
HBLENGINE,2026-06-30,2026-07-26T14:59:18.547666+00:00
HCC,2026-06-30,2026-07-26T14:59:19.518201+00:00
HCG,2026-06-30,2026-07-26T14:59:20.213896+00:00
HCLTECH,2026-06-30,2026-07-26T14:59:21.026493+00:00
HDBFS,2026-06-30,2026-07-26T14:59:21.790008+00:00
HDFCAMC,2026-06-30,2026-07-26T14:59:22.493214+00:00
HDFCBANK,2026-06-30,2026-07-26T15:03:16.370684+00:00
HDFCLIFE,2026-06-30,2026-07-26T15:03:18.219905+00:00
HEG,2026-06-30,2026-07-26T15:03:19.286259+00:00
HEIDELBERG,2026-06-30,2026-07-26T15:03:20.020816+00:00
HEMIPROP,2026-06-30,2026-07-26T15:03:20.928948+00:00
HERANBA,2026-06-30,2026-07-26T15:03:21.861696+00:00
HERCULES,2025-09-30,2026-07-26T15:03:22.741287+00:00
HERITGFOOD,2026-06-30,2026-07-26T15:03:23.406794+00:00
HEROMOTOCO,2026-06-30,2026-07-26T15:03:25.464546+00:00
HESTERBIO,2026-06-30,2026-07-26T15:03:26.295285+00:00
HEXATRADEX,2026-06-30,2026-07-26T15:03:27.094499+00:00
HEXT,2026-06-30,2026-07-26T15:03:27.810752+00:00
HFCL,2026-06-30,2026-07-26T15:03:28.933546+00:00
HGINFRA,2026-06-30,2026-07-26T15:03:29.883704+00:00
HGS,2026-06-30,2026-07-26T15:03:30.907692+00:00
HIKAL,2026-06-30,2026-07-26T15:03:31.745702+00:00
HIMATSEIDE,2026-06-30,2026-07-26T15:03:32.576475+00:00
HINDALCO,2026-06-30,2026-07-26T15:03:33.828157+00:00
HINDCOMPOS,2026-06-30,2026-07-26T15:03:34.703296+00:00
HINDCON,2026-06-30,2026-07-26T15:03:35.395087+00:00
HINDOILEXP,2026-06-30,2026-07-26T15:03:36.201626+00:00
HINDPETRO,2026-06-30,2026-07-26T15:03:37.027607+00:00
HINDUNILVR,2026-06-30,2026-07-26T15:03:37.692631+00:00
HINDWAREAP,2026-06-30,2026-07-26T15:03:38.597167+00:00
HINDZINC,2026-06-30,2026-07-26T15:03:39.467310+00:00
HIRECT,2026-06-30,2026-07-26T15:04:21.821689+00:00
HISARMETAL,2026-06-30,2026-07-26T15:04:24.433448+00:00
HITECH,2026-06-30,2026-07-26T12:59:51.306443+00:00
HITECHCORP,2026-06-30,2026-07-26T15:04:35.182261+00:00
HITECHGEAR,2026-06-30,2026-07-26T15:04:39.860893+00:00
HMT,2026-06-30,2026-07-26T15:04:44.169649+00:00
HMVL,2026-06-30,2026-07-26T15:04:48.270510+00:00
HNDFDS,2026-06-30,2026-07-26T15:05:01.327193+00:00
HOMEFIRST,2026-06-30,2026-07-26T15:05:06.843330+00:00
HONASA,2026-06-30,2026-07-26T15:05:13.717915+00:00
HONAUT,2026-06-30,2026-07-26T15:05:18.707261+00:00
HONDAPOWER,2026-06-30,2026-07-26T15:05:19.598427+00:00
HPAL,2026-06-30,2026-07-26T15:05:20.837647+00:00
HPIL,2026-06-30,2026-07-26T15:05:21.876799+00:00
HSCL,2026-06-30,2026-07-26T15:05:23.161741+00:00
HTMEDIA,2026-06-30,2026-07-26T15:05:25.345431+00:00
HUBTOWN,2026-06-30,2026-07-26T15:05:27.625292+00:00
HUDCO,2026-06-30,2026-07-26T15:05:28.477508+00:00
HUHTAMAKI,2026-06-30,2026-07-26T15:05:29.451141+00:00
HYUNDAI,2026-06-30,2026-07-26T15:05:31.438230+00:00
ICEMAKE,2026-06-30,2026-07-26T15:05:33.099330+00:00
ICICIBANK,2026-06-30,2026-07-26T15:05:34.221774+00:00
ICICIGI,2026-06-30,2026-07-26T15:05:35.307926+00:00
ICICIPRULI,2026-06-30,2026-07-26T15:05:36.485371+00:00
ICIL,2026-06-30,2026-07-26T15:05:38.260283+00:00
ICRA,2026-06-30,2026-07-26T15:05:39.839893+00:00
IDBI,2026-06-30,2026-07-26T15:07:03.878751+00:00
IDEA,2026-06-30,2026-07-26T15:07:06.618456+00:00
IDEAFORGE,2026-07-10,2026-07-26T15:07:09.181617+00:00
IDFCFIRSTB,2026-06-30,2026-07-26T15:07:13.305573+00:00
IEL,2025-09-30,2026-07-26T15:07:21.290826+00:00
IEX,2026-06-30,2026-07-26T15:07:28.165092+00:00
IFBAGRO,2026-06-30,2026-07-26T15:07:28.794464+00:00
IFBIND,2026-06-30,2026-07-26T15:07:29.979138+00:00
IFCI,2026-06-30,2026-07-26T15:07:31.009666+00:00
IFGLEXPOR,2026-06-30,2026-07-26T15:07:31.644772+00:00
IGARASHI,2026-06-30,2026-07-26T15:07:32.397126+00:00
IGCL,2026-06-30,2026-07-26T15:07:33.507921+00:00
IGIL,2026-06-30,2026-07-26T15:07:34.479350+00:00
IGL,2026-06-30,2026-07-26T15:07:35.301670+00:00
IGPL,2026-06-30,2026-07-26T15:07:36.146274+00:00
IIFL,2026-06-30,2026-07-26T15:07:37.176994+00:00
IIFLCAPS,2026-06-30,2026-07-26T15:07:38.198779+00:00
IKS,2026-06-30,2026-07-26T15:07:40.257881+00:00
IL&FSENGG,2026-06-30,2026-07-26T15:07:41.331152+00:00
IL&FSTRANS,2026-06-30,2026-07-26T15:07:42.857297+00:00
IMFA,2026-06-30,2026-07-26T15:07:43.602017+00:00
IMPAL,2026-06-30,2026-07-26T15:07:44.483649+00:00
IMPEXFERRO,2025-03-31,2026-07-26T15:07:45.533402+00:00
INDBANK,2026-06-30,2026-07-26T15:07:46.447366+00:00
INDGN,2026-06-30,2026-07-26T15:07:47.321046+00:00
INDHOTEL,2026-06-30,2026-07-26T15:08:47.207754+00:00
INDIACEM,2026-06-30,2026-07-26T15:08:47.908054+00:00
INDIAGLYCO,2026-06-30,2026-07-26T15:08:48.543851+00:00
INDIAMART,2026-06-30,2026-07-26T15:08:50.064783+00:00
INDIANB,2026-06-30,2026-07-26T15:08:50.775527+00:00
INDIANCARD,2026-06-30,2026-07-26T15:08:51.345559+00:00
INDIANHUME,2026-06-30,2026-07-26T15:08:51.878848+00:00
INDIASHLTR,2026-06-30,2026-07-26T15:08:52.574002+00:00
INDIGO,2026-06-30,2026-07-26T15:08:53.245816+00:00
INDIGOPNTS,2026-06-30,2026-07-26T15:08:53.970599+00:00
INDIQUBE,2026-06-30,2026-07-26T15:08:54.636802+00:00
INDNIPPON,2026-06-30,2026-07-26T15:08:55.256286+00:00
INDOAMIN,2026-06-30,2026-07-26T15:08:56.060058+00:00
INDOBORAX,2026-06-30,2026-07-26T15:08:56.814535+00:00
INDORAMA,2026-06-30,2026-07-26T15:08:57.320939+00:00
INDOSTAR,2026-06-30,2026-07-26T15:08:58.173577+00:00
INDRAMEDCO,2026-06-30,2026-07-26T15:08:58.750040+00:00
INDTERRAIN,2026-06-30,2026-07-26T15:08:59.371616+00:00
INDUSINDBK,2026-06-30,2026-07-26T15:09:00.078047+00:00
INDUSTOWER,2026-06-30,2026-07-26T15:09:01.743719+00:00
INFOBEAN,2026-06-30,2026-07-26T15:09:02.341796+00:00
INFOMEDIA,2026-06-30,2026-07-26T15:09:03.201453+00:00
INFY,2026-06-30,2026-07-26T15:09:03.948886+00:00
INGERRAND,2026-06-30,2026-07-26T15:09:04.558957+00:00
INNOVACAP,2026-06-30,2026-07-26T15:09:05.203205+00:00
INOXGREEN,2026-06-30,2026-07-26T15:27:44.721581+00:00
INOXINDIA,2026-06-30,2026-07-26T15:27:45.480201+00:00
INOXWIND,2026-06-30,2026-07-26T15:27:46.261273+00:00
INSECTICID,2026-06-30,2026-07-26T15:27:46.999553+00:00
INSPIRISYS,2026-06-30,2026-07-26T15:27:47.744866+00:00
INTELLECT,2026-06-30,2026-07-26T15:27:48.397769+00:00
INTLCONV,2026-06-30,2026-07-26T15:27:49.166552+00:00
INVENTURE,2026-06-30,2026-07-26T15:27:49.884507+00:00
IOB,2026-06-30,2026-07-26T15:27:50.656931+00:00
IOC,2026-06-30,2026-07-26T15:27:51.691620+00:00
IOLCP,2026-06-30,2026-07-26T15:27:52.368785+00:00
IONEXCHANG,2026-06-30,2026-07-26T15:27:53.078747+00:00
IPCALAB,2026-06-30,2026-07-26T15:27:53.881330+00:00
IPL,2026-06-30,2026-07-26T15:27:54.729130+00:00
IRB,2026-06-30,2026-07-26T15:27:55.442134+00:00
IRFC,2026-06-30,2026-07-26T15:27:56.113320+00:00
IRIS,2026-06-30,2026-07-26T15:27:56.830897+00:00
IRMENERGY,2026-06-30,2026-07-26T15:27:57.562244+00:00
ITC,2026-06-30,2026-07-26T15:27:58.367520+00:00
ITCHOTELS,2026-06-30,2026-07-26T15:27:59.447896+00:00
IVC,2026-06-30,2026-07-26T15:28:00.169897+00:00
IVP,2026-06-30,2026-07-26T15:28:00.846823+00:00
IXIGO,2026-06-30,2026-07-26T15:28:01.646047+00:00
J&KBANK,2026-06-30,2026-07-26T15:28:02.335743+00:00
JAGRAN,2026-06-30,2026-07-26T15:28:03.151092+00:00
JAGSNPHARM,2026-06-30,2026-07-26T15:29:26.213069+00:00
JAIBALAJI,2026-06-30,2026-07-26T15:29:27.060063+00:00
JAMNAAUTO,2026-06-30,2026-07-26T15:29:27.735981+00:00
JASH,2026-06-30,2026-07-26T15:29:28.564379+00:00
JAYAGROGN,2026-06-30,2026-07-26T15:29:29.478995+00:00
JAYBARMARU,2026-06-30,2026-07-26T15:29:30.216444+00:00
JAYNECOIND,2026-06-30,2026-07-26T15:29:31.100567+00:00
JAYSREETEA,2026-06-30,2026-07-26T15:29:31.852891+00:00
JBCHEPHARM,2026-03-31,2026-07-26T15:29:32.711276+00:00
JBMA,2026-06-30,2026-07-26T15:29:33.597387+00:00
JFLLIFE,unknown,2026-07-26T15:29:34.057654+00:00
JGCHEM,2026-06-30,2026-07-26T15:29:35.080742+00:00
JHS,2026-06-30,2026-07-26T15:29:36.157308+00:00
JINDALPHOT,2026-06-30,2026-07-26T15:29:36.803946+00:00
JINDALPOLY,2026-06-30,2026-07-26T15:29:37.575065+00:00
JINDALSAW,2026-06-30,2026-07-26T15:29:38.675930+00:00
JINDRILL,2026-06-30,2026-07-26T15:29:39.470528+00:00
JIOFIN,2026-06-30,2026-07-26T15:29:40.660407+00:00
JISLDVREQS,2026-06-30,2026-07-26T15:29:41.429099+00:00
JITFINFRA,2026-06-30,2026-07-26T15:29:42.328760+00:00
JKCEMENT,2026-06-30,2026-07-26T15:29:43.085979+00:00
JKIL,2026-06-30,2026-07-26T15:29:43.883307+00:00
JKLAKSHMI,2026-06-30,2026-07-26T15:29:44.882814+00:00
JKPAPER,2026-06-30,2026-07-26T15:29:45.784170+00:00
JKTYRE,2026-06-30,2026-07-26T15:29:46.701252+00:00
JMA,2026-06-30,2026-07-26T15:32:42.645601+00:00
JMFINANCIL,2026-06-30,2026-07-26T15:32:43.472117+00:00
JNKINDIA,2026-06-30,2026-07-26T15:32:44.363863+00:00
JOCIL,2026-06-30,2026-07-26T15:32:45.048844+00:00
JPASSOCIAT,2026-03-31,2026-07-26T15:32:46.123215+00:00
JPOLYINVST,2026-06-30,2026-07-26T15:32:46.914248+00:00
JPPOWER,2026-06-30,2026-07-26T15:32:47.625304+00:00
JSFB,2026-06-30,2026-07-26T15:32:48.487840+00:00
JSL,2026-06-30,2026-07-26T15:32:49.613379+00:00
JSWCEMENT,2026-06-30,2026-07-26T15:32:53.215831+00:00
JSWENERGY,2026-06-30,2026-07-26T15:32:54.319998+00:00
JSWHL,2026-06-30,2026-07-26T15:32:55.311628+00:00
JSWINFRA,2026-06-30,2026-07-26T15:32:57.491747+00:00
JSWSTEEL,2026-06-30,2026-07-26T15:32:58.589993+00:00
JTLIND,2026-06-30,2026-07-26T15:32:59.335137+00:00
JUBLCPL,2026-06-30,2026-07-26T15:33:00.009514+00:00
JUBLFOOD,2026-06-30,2026-07-26T15:33:00.789674+00:00
JUBLINGREA,2026-06-30,2026-07-26T15:33:01.629419+00:00
JUBLPHARMA,2026-06-30,2026-07-26T15:33:02.545357+00:00
JUNIPER,2026-06-30,2026-07-26T15:33:03.323127+00:00
JUSTDIAL,2026-06-30,2026-07-26T15:33:04.016601+00:00
JWL,2026-06-30,2026-07-26T15:33:04.917536+00:00
JYOTHYLAB,2026-06-30,2026-07-26T15:33:05.704770+00:00
JYOTICNC,2026-06-30,2026-07-26T15:33:06.471081+00:00
JYOTISTRUC,2026-06-30,2026-07-26T15:33:07.128234+00:00
KABRAEXTRU,2026-06-30,2026-07-26T15:33:41.345384+00:00
KAJARIACER,2026-06-30,2026-07-26T15:33:42.147763+00:00
KALAMANDIR,2026-06-30,2026-07-26T15:33:42.916743+00:00
KALPATARU,2026-06-30,2026-07-26T15:33:44.914513+00:00
KALYANKJIL,2026-06-30,2026-07-26T15:33:45.721929+00:00
KAMATHOTEL,2026-06-30,2026-07-26T15:33:46.512927+00:00
KAMDHENU,2026-06-30,2026-07-26T15:33:47.287298+00:00
KAMOPAINTS,2026-06-30,2026-07-26T15:33:48.122109+00:00
KANORICHEM,2026-06-30,2026-07-26T15:33:48.817085+00:00
KANPRPLA,2026-06-30,2026-07-26T15:33:49.513279+00:00
KANSAINER,2026-06-30,2026-07-26T15:33:50.498425+00:00
KARMAENG,2026-06-30,2026-07-26T15:33:51.343193+00:00
KARNIKA,unknown,2026-07-26T15:33:51.708183+00:00
KARURVYSYA,2026-06-30,2026-07-26T15:33:52.698072+00:00
KAYA,2026-06-30,2026-07-26T15:33:53.495198+00:00
KCP,2026-06-30,2026-07-26T15:33:54.343133+00:00
KDDL,2026-06-30,2026-07-26T15:33:55.144461+00:00
KEC,2026-06-30,2026-07-26T15:33:56.143372+00:00
KECL,2026-06-30,2026-07-26T15:33:57.003126+00:00
KEI,2026-06-30,2026-07-26T15:33:57.704807+00:00
KELLTONTEC,2026-03-31,2026-07-26T15:33:58.387483+00:00
KERNEX,2026-06-30,2026-07-26T15:33:59.425091+00:00
KESORAMIND,2026-06-30,2026-07-26T15:34:00.269311+00:00
KFINTECH,2026-06-30,2026-07-26T15:34:01.806430+00:00
KHAICHEM,2026-06-30,2026-07-26T15:34:03.602239+00:00
KICL,2026-06-30,2026-07-26T15:34:51.133674+00:00
KIMS,2026-06-30,2026-07-26T15:34:52.180116+00:00
KIRLOSBROS,2026-06-30,2026-07-26T15:34:53.216349+00:00
KIRLOSENG,2026-06-30,2026-07-26T15:34:54.371760+00:00
KIRLOSIND,2026-06-30,2026-07-26T15:34:55.984483+00:00
KIRLPNU,2026-06-30,2026-07-26T15:34:57.254594+00:00
KKCL,2026-06-30,2026-07-26T15:34:58.403000+00:00
KOLTEPATIL,2026-06-30,2026-07-26T15:34:59.121668+00:00
KOPRAN,2026-06-30,2026-07-26T15:34:59.865097+00:00
KOTAKBANK,2026-06-30,2026-07-26T15:35:00.642338+00:00
KOTARISUG,2026-06-30,2026-07-26T15:35:01.292253+00:00
KOTHARIPET,2026-06-30,2026-07-26T15:35:02.089220+00:00
KPEL,2026-06-30,2026-07-26T15:35:02.789294+00:00
KPIGREEN,2026-06-30,2026-07-26T15:35:03.550878+00:00
KPIL,2026-06-30,2026-07-26T15:35:06.568280+00:00
KPITTECH,2026-06-30,2026-07-26T15:35:07.556144+00:00
KPL,unknown,2026-07-26T12:59:51.683371+00:00
KPRMILL,2026-06-30,2026-07-26T15:35:08.434816+00:00
KRBL,2026-06-30,2026-07-26T15:35:09.360672+00:00
KREBSBIO,2026-06-30,2026-07-26T15:35:10.266439+00:00
KRISHANA,2026-06-30,2026-07-26T15:35:11.172675+00:00
KRITI,2026-06-30,2026-07-26T15:35:12.119802+00:00
KRITINUT,2026-06-30,2026-07-26T15:35:12.826960+00:00
KRSNAA,2026-06-30,2026-07-26T15:35:13.745233+00:00
KSB,2026-06-30,2026-07-26T15:35:14.547954+00:00
KSCL,2026-06-30,2026-07-26T15:35:15.469519+00:00
KSL,2026-06-30,2026-07-26T15:37:02.197409+00:00
KTKBANK,2026-06-30,2026-07-26T15:37:03.298177+00:00
LAGNAM,2026-06-30,2026-07-26T15:37:04.319498+00:00
LAL,2026-06-30,2026-07-26T15:37:05.145675+00:00
LALPATHLAB,2026-06-30,2026-07-26T15:37:06.034393+00:00
LAMBODHARA,2026-06-30,2026-07-26T15:37:06.767012+00:00
LANCORHOL,2026-06-30,2026-07-26T15:37:07.495535+00:00
LANDMARK,2026-06-30,2026-07-26T15:37:08.446646+00:00
LAOPALA,2026-06-30,2026-07-26T15:37:09.345261+00:00
LATENTVIEW,2026-06-30,2026-07-26T15:37:10.257862+00:00
LAURUSLABS,2026-06-30,2026-07-26T15:37:11.056769+00:00
LAXMIDENTL,2026-06-30,2026-07-26T15:37:11.873344+00:00
LAXMIINDIA,2026-06-30,2026-07-26T15:37:12.744824+00:00
LEMONTREE,2026-06-30,2026-07-26T15:37:13.487797+00:00
LFIC,2026-06-30,2026-07-26T15:37:14.569672+00:00
LGBBROSLTD,2026-06-30,2026-07-26T15:37:15.324708+00:00
LIBERTSHOE,2026-06-30,2026-07-26T15:37:16.161250+00:00
LICHSGFIN,2026-06-30,2026-07-26T15:37:16.836183+00:00
LICI,2026-06-30,2026-07-26T15:37:17.463446+00:00
LINC,2026-06-30,2026-07-26T15:37:18.287847+00:00
LINCOLN,2026-06-30,2026-07-26T15:37:18.926224+00:00
LINDEINDIA,2026-06-30,2026-07-26T15:37:19.551951+00:00
LLOYDSENGG,2026-06-30,2026-07-26T15:37:20.144079+00:00
LLOYDSME,2026-06-30,2026-07-26T15:37:20.903164+00:00
LMW,2026-06-30,2026-07-26T15:37:22.020877+00:00
LODHA,2026-06-30,2026-07-26T15:38:27.317303+00:00
LORDSCHLO,2026-06-30,2026-07-26T15:38:28.113379+00:00
LOYALTEX,2026-06-30,2026-07-26T15:38:29.045778+00:00
LPDC,2026-06-30,2026-07-26T15:38:29.785003+00:00
LT,2026-06-30,2026-07-26T15:38:30.443827+00:00
LTF,2026-06-30,2026-07-26T15:38:31.978027+00:00
LTFOODS,2026-06-30,2026-07-26T15:38:32.691901+00:00
LTTS,2026-06-30,2026-07-26T15:38:34.000303+00:00
LUMAXIND,2026-06-30,2026-07-26T15:38:34.669005+00:00
LUMAXTECH,2026-06-30,2026-07-26T15:38:35.341643+00:00
LUPIN,2026-06-30,2026-07-26T15:38:36.065326+00:00
LUXIND,2026-06-30,2026-07-26T15:38:37.261845+00:00
LXCHEM,2026-06-30,2026-07-26T15:38:38.242688+00:00
LYKALABS,2026-06-30,2026-07-26T15:38:39.084744+00:00
M&M,2026-06-30,2026-07-26T15:38:40.748539+00:00
M&MFIN,2026-06-30,2026-07-26T15:38:42.472917+00:00
MADRASFERT,2026-06-30,2026-07-26T15:38:43.122519+00:00
MAGADSUGAR,2026-06-30,2026-07-26T15:38:43.865219+00:00
MAHABANK,2026-06-30,2026-07-26T15:38:44.489090+00:00
MAHAPEXLTD,2026-06-30,2026-07-26T15:38:45.266761+00:00
MAHEPC,2026-06-30,2026-07-26T15:38:45.804079+00:00
MAHLIFE,2026-06-30,2026-07-26T15:38:47.357028+00:00
MAHLOG,2026-06-30,2026-07-26T15:38:49.121959+00:00
MAHSCOOTER,2026-06-30,2026-07-26T15:38:50.132106+00:00
MAHSEAMLES,2026-06-30,2026-07-26T15:38:50.960448+00:00
MAIN001,unknown,2026-07-26T12:31:30.774495+00:00
MAMATA,2026-06-30,2026-07-26T15:41:47.454782+00:00
MANAKSIA,2026-06-30,2026-07-26T15:41:48.137646+00:00
MANAKSTEEL,2026-06-30,2026-07-26T15:41:48.613007+00:00
MANALIPETC,2026-06-30,2026-07-26T15:41:49.633225+00:00
MANAPPURAM,2026-06-30,2026-07-26T15:41:50.299113+00:00
MANBA,2026-06-30,2026-07-26T15:41:50.898058+00:00
MANGCHEFER,2025-09-30,2026-07-26T15:41:51.601218+00:00
MANGLMCEM,2026-06-30,2026-07-26T15:41:52.315600+00:00
MANINDS,2026-06-30,2026-07-26T15:41:53.116336+00:00
MANINFRA,2026-06-30,2026-07-26T15:41:53.575080+00:00
MANKIND,2026-06-30,2026-07-26T15:41:54.592949+00:00
MANOMAY,2026-06-30,2026-07-26T15:41:55.298324+00:00
MANORG,2026-06-30,2026-07-26T15:41:55.903867+00:00
MANYAVAR,2026-06-30,2026-07-26T15:41:56.703945+00:00
MAPMYINDIA,2026-06-30,2026-07-26T15:41:57.322737+00:00
MARALOVER,2026-06-30,2026-07-26T15:41:58.049024+00:00
MARATHON,2026-06-30,2026-07-26T15:41:58.526615+00:00
MARICO,2026-06-30,2026-07-26T15:41:59.182830+00:00
MARKSANS,2026-06-30,2026-07-26T15:41:59.643653+00:00
MARUTI,2026-06-30,2026-07-26T15:42:00.813300+00:00
MASFIN,2026-06-30,2026-07-26T15:42:01.650024+00:00
MASKINVEST,2026-06-30,2026-07-26T15:42:02.500507+00:00
MASTEK,2026-06-30,2026-07-26T15:42:03.188016+00:00
MASTERTR,2026-06-30,2026-07-26T15:42:03.815361+00:00
MATRIMONY,2026-06-30,2026-07-26T15:42:04.488858+00:00
MAWANASUG,2026-06-30,2026-07-26T15:46:53.668123+00:00
MAXESTATES,2026-06-30,2026-07-26T15:46:54.925314+00:00
MAXHEALTH,2026-06-30,2026-07-26T15:46:57.336681+00:00
MAXIND,2026-06-30,2026-07-26T15:46:58.699428+00:00
MAYURUNIQ,2026-06-30,2026-07-26T15:46:59.405662+00:00
MAZDA,2026-06-30,2026-07-26T15:47:00.107887+00:00
MAZDOCK,2026-06-30,2026-07-26T15:47:01.123774+00:00
MBAPL,2026-06-30,2026-07-26T15:47:02.016813+00:00
MBEL,2026-06-30,2026-07-26T15:47:03.396762+00:00
MBLINFRA,2026-06-30,2026-07-26T15:47:04.141252+00:00
MCLEODRUSS,2026-06-30,2026-07-26T15:47:04.939686+00:00
MCLOUD,2026-06-30,2026-07-26T15:47:05.753361+00:00
MEDANTA,2026-06-30,2026-07-26T15:47:06.588112+00:00
MEDIASSIST,2026-06-30,2026-07-26T15:47:07.354611+00:00
MEDICAMEQ,2026-06-30,2026-07-26T15:47:08.199332+00:00
MEDPLUS,2026-06-30,2026-07-26T15:47:09.035677+00:00
MEIL,2026-06-30,2026-07-26T15:47:10.019210+00:00
METROBRAND,2026-06-30,2026-07-26T15:47:10.928825+00:00
METROPOLIS,2026-06-30,2026-07-26T15:47:11.721188+00:00
MFML,2026-06-30,2026-07-26T15:47:12.524157+00:00
MFSL,2026-06-30,2026-07-26T15:47:13.712336+00:00
MGEL,2026-06-30,2026-07-26T15:47:14.302301+00:00
MGL,2026-06-30,2026-07-26T15:47:15.085126+00:00
MHLXMIRU,2026-06-30,2026-07-26T15:47:15.800336+00:00
MHRIL,2026-06-30,2026-07-26T15:47:17.312688+00:00
MIDHANI,2026-06-30,2026-07-26T15:47:39.612982+00:00
MINDACORP,2026-06-30,2026-07-26T15:47:41.562507+00:00
MIRZAINT,2026-06-30,2026-07-26T15:47:42.284249+00:00
MITCON,2026-06-30,2026-07-26T15:47:43.023952+00:00
MMP,2026-06-30,2026-07-26T15:47:43.710460+00:00
MMTC,2026-06-30,2026-07-26T15:47:44.251714+00:00
MOBIKWIK,2026-06-30,2026-07-26T15:47:44.989133+00:00
MOHITIND,2026-06-30,2026-07-26T15:47:45.568166+00:00
MOL,2026-06-30,2026-07-26T15:47:46.315826+00:00
MOLDTECH,2026-06-30,2026-07-26T15:47:47.036760+00:00
MOLDTKPAC,2026-06-30,2026-07-26T15:47:47.754865+00:00
MONTECARLO,2026-06-30,2026-07-26T15:47:48.521757+00:00
MOREPENLAB,2026-06-30,2026-07-26T15:47:49.489657+00:00
MOS,unknown,2026-07-26T15:47:49.771299+00:00
MOSCHIP,2026-06-30,2026-07-26T15:47:50.479512+00:00
MOTHERSON,2026-06-30,2026-07-26T15:47:51.502672+00:00
MOTILALOFS,2026-06-30,2026-07-26T15:47:52.329075+00:00
MPHASIS,2026-06-30,2026-07-26T15:47:53.167897+00:00
MPSLTD,2026-06-30,2026-07-26T15:47:53.835985+00:00
MRF,2026-06-30,2026-07-26T15:47:55.208097+00:00
MRPL,2026-06-30,2026-07-26T15:47:55.920744+00:00
MSUMI,2026-06-30,2026-07-26T15:47:56.702713+00:00
MTARTECH,2026-06-30,2026-07-26T15:47:57.492675+00:00
MTEDUCARE,2026-06-30,2026-07-26T15:47:58.403084+00:00
MUFTI,2026-06-30,2026-07-26T15:47:59.136455+00:00
MUKANDLTD,2026-06-30,2026-07-26T15:50:23.683493+00:00
MUNJALAU,2026-06-30,2026-07-26T15:50:24.247451+00:00
MUNJALSHOW,2026-06-30,2026-07-26T15:50:24.839510+00:00
MUTHOOTFIN,2026-06-30,2026-07-26T15:50:26.019312+00:00
MUTHOOTMF,2026-06-30,2026-07-26T15:50:26.919794+00:00
MVGJL,2026-06-30,2026-07-26T15:50:27.674590+00:00
MVKAGRO,unknown,2026-07-26T15:50:28.033779+00:00
MWL,2026-06-30,2026-07-26T15:50:28.717898+00:00
NACLIND,2026-06-30,2026-07-26T15:50:30.752310+00:00
NAGREEKCAP,2026-06-30,2026-07-26T15:50:31.524267+00:00
NAGREEKEXP,2026-06-30,2026-07-26T15:50:32.685223+00:00
NAHARCAP,2026-06-30,2026-07-26T15:50:33.618594+00:00
NAHARINDUS,2026-06-30,2026-07-26T15:50:34.726167+00:00
NAHARPOLY,2026-06-30,2026-07-26T15:50:35.901502+00:00
NAHARSPING,2026-06-30,2026-07-26T15:50:36.657846+00:00
NATCAPSUQ,2026-06-30,2026-07-26T15:50:37.506293+00:00
NATCOPHARM,2026-06-30,2026-07-26T15:50:38.234947+00:00
NATHBIOGEN,2026-06-30,2026-07-26T15:50:39.468136+00:00
NATIONALUM,2026-06-30,2026-07-26T15:50:39.859644+00:00
NAUKRI,2026-06-30,2026-07-26T15:50:40.341528+00:00
NAVA,2026-06-30,2026-07-26T15:50:41.553956+00:00
NAVINFLUOR,2026-06-30,2026-07-26T15:50:42.135279+00:00
NAVKARCORP,2026-06-30,2026-07-26T15:50:43.024637+00:00
NAVNETEDUL,2026-06-30,2026-07-26T15:50:43.739549+00:00
NAZARA,2026-06-30,2026-07-26T15:50:45.258223+00:00
NBCC,2026-06-30,2026-07-26T15:50:46.233891+00:00
NBIFIN,2026-06-30,2026-07-26T15:50:46.973644+00:00
NCC,2026-06-30,2026-07-26T15:50:48.049943+00:00
NCLIND,2026-06-30,2026-07-26T15:50:48.938074+00:00
NDGL,2026-06-30,2026-07-26T15:50:49.720461+00:00
NDL,2026-06-30,2026-07-26T15:50:50.653107+00:00
NDLVENTURE,2026-06-30,2026-07-26T15:50:51.645384+00:00
NDRAUTO,2026-06-30,2026-07-26T15:50:52.479018+00:00
NDTV,2026-06-30,2026-07-26T15:50:53.079021+00:00
NECLIFE,2026-06-30,2026-07-26T15:50:53.980171+00:00
NELCAST,2026-06-30,2026-07-26T15:50:54.592772+00:00
NELCO,2026-06-30,2026-07-26T15:50:55.662619+00:00
NEOGEN,2026-06-30,2026-07-26T15:50:56.230395+00:00
NEPHROCARE,unknown,2026-07-26T15:50:56.525767+00:00
NEPTUNE,unknown,2026-07-26T15:50:56.883501+00:00
NESCO,2026-06-30,2026-07-26T15:50:57.578304+00:00
NESTLEIND,2026-06-30,2026-07-26T15:50:58.269342+00:00
NETWEB,2026-06-30,2026-07-26T15:51:27.926369+00:00
NETWORK18,2026-06-30,2026-07-26T15:51:29.332231+00:00
NEULANDLAB,2026-06-30,2026-07-26T15:51:30.088126+00:00
NEXTMEDIA,2026-06-30,2026-07-26T15:51:30.882149+00:00
NGLFINE,2026-06-30,2026-07-26T15:51:31.767964+00:00
NH,2026-06-30,2026-07-26T15:51:32.409729+00:00
NHPC,2026-06-30,2026-07-26T15:51:33.009736+00:00
NIACL,2026-06-30,2026-07-26T15:51:33.627302+00:00
NIITLTD,2026-06-30,2026-07-26T15:51:34.350103+00:00
NIITMTS,2026-06-30,2026-07-26T15:51:34.974348+00:00
NILAINFRA,2026-06-30,2026-07-26T15:51:35.670112+00:00
NILASPACES,2026-06-30,2026-07-26T15:51:36.231565+00:00
NILKAMAL,2026-06-30,2026-07-26T15:51:36.923271+00:00
NIPPOBATRY,2026-06-30,2026-07-26T15:51:37.466583+00:00
NITCO,2026-06-30,2026-07-26T15:51:38.173199+00:00
NITINSPIN,2026-06-30,2026-07-26T15:51:38.970990+00:00
NIVABUPA,2026-06-30,2026-07-26T15:51:40.431335+00:00
NMDC,2026-06-30,2026-07-26T15:51:40.930116+00:00
NOCIL,2026-06-30,2026-07-26T15:51:41.540300+00:00
NOIDATOLL,2026-06-30,2026-07-26T15:51:42.112593+00:00
NORTHARC,2026-06-30,2026-07-26T15:51:42.757380+00:00
NOVAAGRI,2026-06-30,2026-07-26T15:51:43.378154+00:00
NPST,2026-06-30,2026-07-26T15:51:43.971242+00:00
NRAIL,2026-06-30,2026-07-26T15:51:44.476757+00:00
NRBBEARING,2026-06-30,2026-07-26T15:51:45.041130+00:00
NRL,2026-06-30,2026-07-26T15:53:52.006256+00:00
NRVANDANA,unknown,2026-07-26T15:53:52.298816+00:00
NSIL,2026-06-30,2026-07-26T15:53:53.297156+00:00
NSLNISP,2026-06-30,2026-07-26T15:53:54.002210+00:00
NTPC,2026-06-30,2026-07-26T15:53:55.163774+00:00
NTPCGREEN,2026-06-30,2026-07-26T15:53:55.827641+00:00
NUCLEUS,2026-06-30,2026-07-26T15:53:56.525371+00:00
NURECA,2026-06-30,2026-07-26T15:53:57.105998+00:00
NUVAMA,2026-06-30,2026-07-26T15:53:57.712958+00:00
NUVOCO,2026-06-30,2026-07-26T15:53:58.466048+00:00
NYKAA,2026-06-30,2026-07-26T15:53:58.957130+00:00
OBEROIRLTY,2026-06-30,2026-07-26T15:53:59.476561+00:00
OBSCP,unknown,2026-07-26T15:53:59.765380+00:00
OCCLLTD,2026-06-30,2026-07-26T15:54:00.242102+00:00
ODIGMA,2026-06-30,2026-07-26T15:54:00.905978+00:00
OFSS,2026-06-30,2026-07-26T15:54:01.424187+00:00
OIL,2026-06-30,2026-07-26T15:54:01.910166+00:00
OLAELEC,2026-06-30,2026-07-26T15:54:02.670461+00:00
OLECTRA,2026-06-30,2026-07-26T15:54:03.394256+00:00
OMAXE,2026-06-30,2026-07-26T15:54:04.059380+00:00
ONESOURCE,2026-06-30,2026-07-26T15:54:04.732180+00:00
ONGC,2026-06-30,2026-07-26T15:54:05.522250+00:00
ONWARDTEC,2026-06-30,2026-07-26T15:54:06.118868+00:00
OPTIEMUS,2026-06-30,2026-07-26T15:54:06.677229+00:00
OPTIVALUE,unknown,2026-07-26T15:54:07.090559+00:00
ORBTEXP,2026-06-30,2026-07-26T15:57:43.397990+00:00
ORCHPHARMA,2026-06-30,2026-07-26T15:57:44.202882+00:00
ORICONENT,2026-06-30,2026-07-26T15:57:45.153728+00:00
ORIENTCEM,2026-06-30,2026-07-26T15:57:45.836322+00:00
ORIENTCER,2026-06-30,2026-07-26T15:57:46.469346+00:00
ORIENTELEC,2026-06-30,2026-07-26T15:57:47.401000+00:00
ORIENTHOT,2026-06-30,2026-07-26T15:57:48.812969+00:00
ORIENTPPR,2026-06-30,2026-07-26T15:57:49.505599+00:00
ORISSAMINE,2026-06-30,2026-07-26T15:57:50.232409+00:00
ORTINGLOBE,2026-06-30,2026-07-26T15:57:50.883978+00:00
OSIAHYPER,2026-03-31,2026-07-26T15:57:51.489717+00:00
OSWALAGRO,2026-06-30,2026-07-26T15:57:52.050857+00:00
OSWALGREEN,2026-06-30,2026-07-26T15:57:52.689461+00:00
OSWALPUMPS,2026-06-30,2026-07-26T15:57:53.360662+00:00
PAGEIND,2026-06-30,2026-07-26T15:57:54.129014+00:00
PAISALO,2026-06-30,2026-07-26T15:57:54.822242+00:00
PAKKA,2026-06-30,2026-07-26T15:57:55.388389+00:00
PALASHSECU,2026-06-30,2026-07-26T15:57:56.102442+00:00
PALREDTEC,2026-06-30,2026-07-26T15:57:56.620719+00:00
PANACEABIO,2026-06-30,2026-07-26T15:57:57.344022+00:00
PARADEEP,2026-06-30,2026-07-26T15:57:58.059574+00:00
PARAGMILK,2026-06-30,2026-07-26T15:57:58.732116+00:00
PARAMOUNT,unknown,2026-07-26T15:57:59.130611+00:00
PARKHOTELS,2026-06-30,2026-07-26T15:57:59.870017+00:00
PASHUPATI,2026-06-30,2026-07-26T15:58:00.715940+00:00
PATANJALI,2026-06-30,2026-07-26T15:59:03.838179+00:00
PATELENG,2026-06-30,2026-07-26T15:59:04.493705+00:00
PAYTM,2026-06-30,2026-07-26T15:59:04.951661+00:00
PCBL,2026-06-30,2026-07-26T15:59:05.620422+00:00
PCJEWELLER,2026-06-30,2026-07-26T15:59:06.283900+00:00
PDMJEPAPER,2026-06-30,2026-07-26T15:59:06.852692+00:00
PDSL,2026-06-30,2026-07-26T15:59:07.412402+00:00
PEL,2025-06-30,2026-07-26T15:59:08.580909+00:00
PENIND,2026-06-30,2026-07-26T15:59:09.328427+00:00
PENINLAND,2026-06-30,2026-07-26T15:59:10.053388+00:00
PERSISTENT,2026-06-30,2026-07-26T15:59:10.774736+00:00
PETRONET,2026-06-30,2026-07-26T15:59:11.335233+00:00
PFC,2026-06-30,2026-07-26T15:59:11.991407+00:00
PFIZER,2026-06-30,2026-07-26T15:59:12.668580+00:00
PFOCUS,2026-06-30,2026-07-26T15:59:13.254031+00:00
PFS,2026-06-30,2026-07-26T15:59:13.830883+00:00
PGEL,2026-06-30,2026-07-26T15:59:14.530430+00:00
PGHH,2026-06-30,2026-07-26T15:59:17.791452+00:00
PGHL,2026-06-30,2026-07-26T15:59:21.720619+00:00
PGIL,2026-06-30,2026-07-26T15:59:22.330462+00:00
PHANTOMFX,unknown,2026-07-26T15:59:22.677037+00:00
PHOENIXLTD,2026-06-30,2026-07-26T15:59:23.411050+00:00
PIDILITIND,2026-06-30,2026-07-26T15:59:24.833982+00:00
PIIND,2026-06-30,2026-07-26T15:59:25.524082+00:00
PILANIINVS,2026-06-30,2026-07-26T15:59:26.311518+00:00
PILITA,2026-06-30,2026-07-26T16:01:02.203651+00:00
PITTIENG,2026-06-30,2026-07-26T16:01:02.854486+00:00
PLATIND,2026-06-30,2026-07-26T16:01:03.473149+00:00
PLAZACABLE,2026-06-30,2026-07-26T16:01:03.969050+00:00
PNB,2026-06-30,2026-07-26T16:01:04.810486+00:00
PNBGILTS,2026-06-30,2026-07-26T16:01:05.440693+00:00
PNBHOUSING,2026-06-30,2026-07-26T16:01:06.157541+00:00
PNC,2026-06-30,2026-07-26T16:01:06.736809+00:00
PNCINFRA,2026-06-30,2026-07-26T16:01:07.689023+00:00
PNGJL,2026-06-30,2026-07-26T16:01:08.443796+00:00
PODDARMENT,2026-06-30,2026-07-26T16:01:09.038795+00:00
POKARNA,2026-06-30,2026-07-26T16:01:09.595137+00:00
POLICYBZR,2026-06-30,2026-07-26T16:01:10.269684+00:00
POLYCAB,2026-06-30,2026-07-26T16:01:11.040461+00:00
POLYMED,2026-06-30,2026-07-26T16:01:11.819755+00:00
POLYPLEX,2026-06-30,2026-07-26T16:01:12.800421+00:00
PONNIERODE,2026-06-30,2026-07-26T16:01:13.319151+00:00
POONAWALLA,2026-06-30,2026-07-26T16:01:14.068998+00:00
POWERINDIA,2026-06-30,2026-07-26T16:01:14.538710+00:00
POWERMECH,2026-06-30,2026-07-26T16:01:15.155545+00:00
PPAP,2026-06-30,2026-07-26T13:00:07.313772+00:00
PPL,2026-06-30,2026-07-26T16:01:16.021773+00:00
PPLPHARMA,2026-06-30,2026-07-26T16:01:16.962897+00:00
PRABHA,2026-06-30,2026-07-26T16:01:17.674361+00:00
PRAJIND,2026-06-30,2026-07-26T16:01:18.300504+00:00
PRAKASH,2026-06-30,2026-07-26T16:01:19.057138+00:00
PRAKASHSTL,2026-06-30,2026-07-26T16:01:19.704366+00:00
PRAXIS,2026-06-30,2026-07-26T16:01:20.385724+00:00
PRECAM,2026-06-30,2026-07-26T16:01:21.001471+00:00
PRECOT,2026-06-30,2026-07-26T16:01:21.833135+00:00
PREMEXPLN,2026-06-30,2026-07-26T16:01:22.505709+00:00
PREMIER,2026-06-30,2026-07-26T16:01:23.230107+00:00
PREMIERENE,2026-06-30,2026-07-26T16:01:24.344176+00:00
PRICOLLTD,2026-06-30,2026-07-26T16:01:25.228954+00:00
PRIMESECU,2026-06-30,2026-07-26T16:01:26.076463+00:00
PRIMO,2026-06-30,2026-07-26T16:01:27.556216+00:00
PRINCEPIPE,2026-06-30,2026-07-26T16:01:28.752918+00:00
PRITIKAUTO,2026-06-30,2026-07-26T16:01:29.310538+00:00
PRIVISCL,2026-06-30,2026-07-26T16:01:29.896800+00:00
PROFX,unknown,2026-07-26T16:01:30.197130+00:00
PROTEAN,2026-06-30,2026-07-26T16:01:30.736368+00:00
PROZONER,2026-06-30,2026-07-26T16:01:31.266833+00:00
PRSMJOHNSN,2026-06-30,2026-07-26T16:01:31.870762+00:00
PRUDENT,2026-06-30,2026-07-26T16:01:32.485732+00:00
PSB,2026-06-30,2026-07-26T16:01:33.372241+00:00
PSPPROJECT,2026-06-30,2026-07-26T16:01:34.284659+00:00
PTC,2026-06-30,2026-07-26T16:01:34.943112+00:00
PTL,2026-06-30,2026-07-26T16:01:35.896885+00:00
PUNJABCHEM,2026-06-30,2026-07-26T16:01:36.670135+00:00
PURVA,2026-06-30,2026-07-26T16:01:37.121598+00:00
PVRINOX,2026-06-30,2026-07-26T16:01:37.656572+00:00
PVSL,2026-06-30,2026-07-26T16:01:38.359873+00:00
QPOWER,2026-06-30,2026-07-26T16:01:39.201461+00:00
QUESS,2026-06-30,2026-07-26T16:01:40.277872+00:00
QUICKHEAL,2026-06-30,2026-07-26T16:01:40.754470+00:00
RADHIKAJWE,2026-06-30,2026-07-26T16:01:41.569612+00:00
RADIOCITY,2026-06-30,2026-07-26T16:01:42.562421+00:00
RAIN,2026-06-30,2026-07-26T16:01:43.450744+00:00
RAINBOW,2026-06-30,2026-07-26T16:01:44.034961+00:00
RAJOOENG,2026-06-30,2026-07-26T16:01:44.737759+00:00
RAJRATAN,2026-06-30,2026-07-26T16:01:45.478890+00:00
RAJSREESUG,2026-06-30,2026-07-26T16:01:46.246744+00:00
RALLIS,2026-06-30,2026-07-26T16:01:46.812153+00:00
RAMANEWS,2026-06-30,2026-07-26T16:01:47.527838+00:00
RAMCOCEM,2026-06-30,2026-07-26T16:01:48.154435+00:00
RAMCOIND,2026-06-30,2026-07-26T16:01:48.830231+00:00
RAMCOSYS,2026-06-30,2026-07-26T16:01:49.898877+00:00
RAMRAT,2026-06-30,2026-07-26T16:01:51.056074+00:00
RANEHOLDIN,2026-06-30,2026-07-26T16:01:51.730701+00:00
RATNAMANI,2026-06-30,2026-07-26T16:01:52.449603+00:00
RAYMOND,2026-06-30,2026-07-26T16:01:53.074892+00:00
RAYMONDLSL,2026-06-30,2026-07-26T16:01:53.634870+00:00
RAYMONDREL,2026-06-30,2026-07-26T16:01:54.188857+00:00
RBA,2026-06-30,2026-07-26T16:01:54.731332+00:00
RBLBANK,2026-06-30,2026-07-26T16:01:55.457949+00:00
RBZJEWEL,2026-06-30,2026-07-26T16:01:56.051228+00:00
READYMIX,unknown,2026-07-26T16:01:56.318993+00:00
RECLTD,2026-06-30,2026-07-26T16:01:56.887726+00:00
REDINGTON,2026-06-30,2026-07-26T16:01:57.466839+00:00
REDTAPE,2026-06-30,2026-07-26T16:01:58.080405+00:00
REGAAL,2026-06-30,2026-07-26T16:01:58.704059+00:00
RELAXO,2026-06-30,2026-07-26T16:01:59.223432+00:00
RELIABLE,2026-06-30,2026-07-26T16:01:59.902730+00:00
RELIANCE,2026-06-30,2026-07-26T16:02:01.252900+00:00
RELIGARE,2026-06-30,2026-07-26T16:02:02.765178+00:00
RELTD,2026-06-30,2026-07-26T16:02:03.668830+00:00
REMSONSIND,2026-06-30,2026-07-26T16:02:04.406029+00:00
RENUKA,2026-06-30,2026-07-26T16:02:05.579082+00:00
REPRO,2026-06-30,2026-07-26T16:02:06.355527+00:00
RESPONIND,2026-06-30,2026-07-26T16:02:07.004011+00:00
RETAIL,2026-06-30,2026-07-26T16:02:07.686424+00:00
RGL,2026-06-30,2026-07-26T16:02:08.344188+00:00
RHFL,2025-03-31,2026-07-26T16:02:09.037557+00:00
RHL,2026-06-30,2026-07-26T16:02:09.837322+00:00
RICOAUTO,2026-06-30,2026-07-26T16:02:10.559807+00:00
RIIL,2026-06-30,2026-07-26T16:02:11.096096+00:00
RITCO,2026-06-30,2026-07-26T16:02:11.797919+00:00
RKEC,2026-06-30,2026-07-26T16:02:12.394758+00:00
RKFORGE,2026-06-30,2026-07-26T16:02:13.026596+00:00
RKSWAMY,2026-06-30,2026-07-26T16:02:13.782604+00:00
RML,2026-06-30,2026-07-26T16:02:14.323251+00:00
RNBDENIMS,2026-06-30,2026-07-26T16:02:15.523463+00:00
RNFI,unknown,2026-07-26T16:02:15.949322+00:00
ROHLTD,2026-06-30,2026-07-26T16:02:16.538344+00:00
ROLEXRINGS,2026-06-30,2026-07-26T16:02:17.154210+00:00
ROLTA,2025-09-30,2026-07-26T16:02:17.930526+00:00
ROSSARI,2026-06-30,2026-07-26T16:02:18.661239+00:00
ROSSELLIND,2026-06-30,2026-07-26T16:02:19.206290+00:00
ROSSTECH,2026-06-30,2026-07-26T16:02:19.749120+00:00
ROTO,2026-06-30,2026-07-26T16:02:20.392470+00:00
ROUTE,2026-06-30,2026-07-26T16:02:20.988523+00:00
RPEL,2026-06-30,2026-07-26T16:02:21.652189+00:00
RPGLIFE,2026-06-30,2026-07-26T16:02:22.527134+00:00
RPOWER,2026-06-30,2026-07-26T16:02:23.253669+00:00
RPSGVENT,2026-06-30,2026-07-26T16:02:24.310449+00:00
RPTECH,2026-06-30,2026-07-26T16:02:25.285639+00:00
RRKABEL,2026-06-30,2026-07-26T16:02:26.265002+00:00
RSWM,2026-06-30,2026-07-26T16:02:27.001192+00:00
RSYSTEMS,2026-06-30,2026-07-26T16:02:28.172546+00:00
RTNINDIA,2026-06-30,2026-07-26T16:02:28.791712+00:00
RTNPOWER,2026-06-30,2026-07-26T16:02:29.438162+00:00
RUBFILA,2026-06-30,2026-07-26T16:02:30.109727+00:00
RUBYMILLS,2026-06-30,2026-07-26T16:02:30.863456+00:00
RUCHINFRA,2026-06-30,2026-07-26T16:02:31.778773+00:00
RUPA,2026-06-30,2026-07-26T16:02:33.230398+00:00
RUSHIL,2026-06-30,2026-07-26T16:02:33.833021+00:00
RUSTOMJEE,2026-06-30,2026-07-26T16:02:34.582630+00:00
RVNL,2026-06-30,2026-07-26T16:02:35.433303+00:00
RVTH,2026-06-30,2026-07-26T16:02:36.102146+00:00
S&SPOWER,2026-06-30,2026-07-26T16:02:37.165092+00:00
SABEVENTS,2026-06-30,2026-07-26T16:02:38.025517+00:00
SADBHAV,2026-06-30,2026-07-26T16:02:38.760816+00:00
SADBHIN,2026-06-30,2026-07-26T16:02:39.444754+00:00
SADHNANIQ,2026-06-30,2026-07-26T16:02:40.239484+00:00
SAFARI,2026-06-30,2026-07-26T16:02:40.784450+00:00
SAGCEM,2026-06-30,2026-07-26T16:02:41.449281+00:00
SAGILITY,2026-06-30,2026-07-26T16:02:42.302599+00:00
SAIFL,unknown,2026-07-26T16:02:42.633027+00:00
SAIL,2026-06-30,2026-07-26T16:02:43.175788+00:00
SAILIFE,2026-06-30,2026-07-26T16:02:44.268905+00:00
SAKAR,2026-06-30,2026-07-26T16:02:44.945819+00:00
SAKSOFT,2026-06-30,2026-07-26T16:02:45.680845+00:00
SALASAR,2026-06-30,2026-07-26T16:02:46.324300+00:00
SALSTEEL,2026-06-30,2026-07-26T16:02:46.823521+00:00
SALZERELEC,2026-06-30,2026-07-26T16:02:47.475534+00:00
SAMAY,unknown,2026-07-26T16:02:47.996676+00:00
SAMBHAAV,2026-06-30,2026-07-26T16:02:48.635156+00:00
SAMHI,2026-06-30,2026-07-26T16:02:49.251945+00:00
SAMMAANCAP,2026-06-30,2026-07-26T16:02:50.317931+00:00
SAMPANN,2026-06-30,2026-07-26T16:02:50.908258+00:00
SANATHAN,2026-06-30,2026-07-26T16:02:51.770140+00:00
SANDESH,2026-06-30,2026-07-26T16:02:52.517476+00:00
SANDHAR,2026-06-30,2026-07-26T16:02:53.094417+00:00
SANDUMA,2026-06-30,2026-07-26T16:02:53.689920+00:00
SANGAMIND,2026-06-30,2026-07-26T16:02:54.294405+00:00
SANGHIIND,2025-12-31,2026-07-26T16:02:55.056959+00:00
SANGHVIMOV,2026-06-30,2026-07-26T16:02:55.600867+00:00
SANOFI,2026-06-30,2026-07-26T16:02:56.300000+00:00
SANOFICONR,2026-06-30,2026-07-26T16:02:56.938514+00:00
SANSERA,2026-06-30,2026-07-26T16:02:57.729255+00:00
SAPPHIRE,2026-06-30,2026-07-26T16:02:58.476278+00:00
SARDAEN,2026-06-30,2026-07-26T16:02:59.152883+00:00
SAREGAMA,2026-06-30,2026-07-26T16:02:59.769276+00:00
SARLAPOLY,2026-06-30,2026-07-26T16:03:00.959553+00:00
SASKEN,2026-06-30,2026-07-26T16:03:01.854767+00:00
SATIA,2026-06-30,2026-07-26T16:03:02.803026+00:00
SATIN,2026-06-30,2026-07-26T16:03:03.853135+00:00
SATTVAENGG,unknown,2026-07-26T16:03:04.279723+00:00
SAURASHCEM,2026-06-30,2026-07-26T16:03:04.961974+00:00
SAVY,unknown,2026-07-26T16:03:05.404878+00:00
SBFC,2026-06-30,2026-07-26T16:03:05.958174+00:00
SBICARD,2026-06-30,2026-07-26T16:03:06.741669+00:00
SBILIFE,2026-06-30,2026-07-26T16:03:07.706770+00:00
SBIN,2026-06-30,2026-07-26T16:03:08.242060+00:00
SCHAEFFLER,2026-06-30,2026-07-26T16:03:08.843976+00:00
SCHAND,2026-06-30,2026-07-26T16:03:09.474828+00:00
SCHNEIDER,2026-06-30,2026-07-26T16:03:10.040009+00:00
SCI,2026-06-30,2026-07-26T16:03:10.754730+00:00
SCILAL,2026-06-30,2026-07-26T16:03:11.379195+00:00
SDBL,2026-06-30,2026-07-26T16:03:12.114856+00:00
SDREAMS,unknown,2026-07-26T16:03:12.471689+00:00
SEAMECLTD,2026-06-30,2026-07-26T16:03:13.061873+00:00
SECURKLOUD,2026-06-30,2026-07-26T16:03:13.569259+00:00
SEJALLTD,2026-06-30,2026-07-26T16:03:14.224720+00:00
SEMAC,2026-06-30,2026-07-26T16:03:14.945230+00:00
SENORES,2026-06-30,2026-07-26T16:03:17.219377+00:00
SEPC,2026-06-30,2026-07-26T16:03:18.960547+00:00
SERVOTECH,2026-06-30,2026-07-26T16:03:20.311365+00:00
SESHAPAPER,2026-06-30,2026-07-26T16:03:22.184805+00:00
SFL,2026-06-30,2026-07-26T16:03:23.609831+00:00
SGFIN,2026-06-30,2026-07-26T16:03:25.117663+00:00
SGIL,2026-06-30,2026-07-26T16:03:26.408118+00:00
SGMART,2026-06-30,2026-07-26T16:03:27.665682+00:00
SHAHALLOYS,2026-06-30,2026-07-26T16:03:29.092364+00:00
SHAILY,2026-06-30,2026-07-26T16:03:31.070054+00:00
SHALBY,2026-03-31,2026-07-26T16:03:33.316788+00:00
SHALPAINTS,2026-06-30,2026-07-26T16:03:36.175062+00:00
SHANTIGEAR,2026-06-30,2026-07-26T16:03:41.068365+00:00
SHARDACROP,2026-06-30,2026-07-26T16:03:43.025393+00:00
SHARDAMOTR,2026-06-30,2026-07-26T16:03:43.693561+00:00
SHAREINDIA,2026-06-30,2026-07-26T16:03:44.720431+00:00
SHEKHAWATI,2026-06-30,2026-07-26T16:03:46.302130+00:00
SHILPAMED,2026-06-30,2026-07-26T16:03:47.097870+00:00
SHIVALIK,2026-06-30,2026-07-26T16:03:47.817031+00:00
SHIVAMAUTO,2026-06-30,2026-07-26T16:03:48.541598+00:00
SHIVAMILLS,2026-06-30,2026-07-26T16:03:49.278573+00:00
SHIVATEX,2026-06-30,2026-07-26T16:03:49.985404+00:00
SHK,2026-06-30,2026-07-26T16:03:51.201867+00:00
SHOPERSTOP,2026-06-30,2026-07-26T16:03:52.976557+00:00
SHRADHA,2026-06-30,2026-07-26T16:03:53.691462+00:00
SHREDIGCEM,2026-06-30,2026-07-26T16:03:54.287380+00:00
SHREECEM,2026-06-30,2026-07-26T16:03:55.050265+00:00
SHREEPUSHK,2026-06-30,2026-07-26T16:03:55.771674+00:00
SHREERAMA,2026-06-30,2026-07-26T16:03:56.373362+00:00
SHRINGARMS,2026-06-30,2026-07-26T16:03:57.015709+00:00
SHRIPISTON,2026-06-30,2026-07-26T16:03:57.712785+00:00
SHRIRAMFIN,2026-06-30,2026-07-26T16:03:58.777249+00:00
SHRIRAMPPS,2026-06-30,2026-07-26T16:03:59.392373+00:00
SHYAMCENT,2026-06-30,2026-07-26T16:04:00.093041+00:00
SHYAMMETL,2026-06-30,2026-07-26T16:04:01.016384+00:00
SIEMENS,2026-06-30,2026-07-26T16:04:01.812051+00:00
SIGIND,2026-06-30,2026-07-26T16:04:02.482830+00:00
SIGNPOST,2026-06-30,2026-07-26T16:04:03.179007+00:00
SIL,2026-06-30,2026-07-26T16:04:03.802687+00:00
SILINV,2026-06-30,2026-07-26T16:04:04.420879+00:00
SIMPLEXINF,2026-06-30,2026-07-26T16:04:05.165645+00:00
SINCLAIR,2026-06-30,2026-07-26T16:04:05.860432+00:00
SIS,2026-06-30,2026-07-26T16:04:06.575759+00:00
SITINET,2026-03-31,2026-07-26T16:04:07.319828+00:00
SIYSIL,2026-06-30,2026-07-26T16:04:08.148812+00:00
SJS,2026-06-30,2026-07-26T16:04:08.761679+00:00
SJVN,2026-06-30,2026-07-26T16:04:09.398315+00:00
SKFINDIA,2026-06-30,2026-07-26T16:04:10.093037+00:00
SKIL,2023-09-30,2026-07-26T16:04:10.920125+00:00
SKIPPER,2026-06-30,2026-07-26T16:04:11.837281+00:00
SKYGOLD,2026-06-30,2026-07-26T16:04:12.585383+00:00
SMALLCO,unknown,2026-07-26T12:31:29.640355+00:00
SMARTLINK,2026-06-30,2026-07-26T16:04:13.350829+00:00
SMCGLOBAL,2026-06-30,2026-07-26T16:04:14.167211+00:00
SME001,unknown,2026-07-26T12:31:31.109497+00:00
SMSPHARMA,2026-06-30,2026-07-26T16:04:14.769416+00:00
SNOWMAN,2026-06-30,2026-07-26T16:04:15.353295+00:00
SOBHA,2026-06-30,2026-07-26T16:04:16.226470+00:00
SOLARA,2026-06-30,2026-07-26T16:04:17.446424+00:00
SOLARINDS,2026-06-30,2026-07-26T16:04:18.187342+00:00
SOMANYCERA,2026-06-30,2026-07-26T16:04:18.886987+00:00
SONACOMS,2026-06-30,2026-07-26T16:04:19.622721+00:00
SONATSOFTW,2026-06-30,2026-07-26T16:04:20.337924+00:00
SOTL,2026-06-30,2026-07-26T16:04:21.143434+00:00
SOUTHBANK,2026-06-30,2026-07-26T16:04:21.928374+00:00
SOUTHWEST,2026-07-10,2026-07-26T16:04:22.950075+00:00
SPAL,2026-06-30,2026-07-26T16:04:23.703143+00:00
SPANDANA,2026-06-30,2026-07-26T16:04:24.419197+00:00
SPARC,2026-06-30,2026-07-26T16:04:25.259671+00:00
SPCENET,2026-06-30,2026-07-26T16:04:26.148722+00:00
SPECIALITY,2026-06-30,2026-07-26T16:04:26.915308+00:00
SPENCERS,2026-06-30,2026-07-26T16:04:27.799269+00:00
SPIC,2026-06-30,2026-07-26T16:04:28.790768+00:00
SPLPETRO,2026-06-30,2026-07-26T16:04:29.514972+00:00
SPMLINFRA,2026-06-30,2026-07-26T16:04:30.382216+00:00
SPORTKING,2026-06-30,2026-07-26T16:04:31.265578+00:00
SRD,2026-06-30,2026-07-26T16:04:32.092911+00:00
SRF,2026-06-30,2026-07-26T16:04:32.884558+00:00
SSEGL,unknown,2026-07-26T16:04:33.233204+00:00
STAR,2026-06-30,2026-07-26T16:04:34.092452+00:00
STARCEMENT,2026-06-30,2026-07-26T16:04:34.956865+00:00
STARHEALTH,2026-06-30,2026-07-26T16:04:37.323458+00:00
STARPAPER,2026-06-30,2026-07-26T16:04:37.998990+00:00
STARTECK,2026-06-30,2026-07-26T16:04:38.791760+00:00
STCINDIA,2026-06-30,2026-07-26T16:04:39.473987+00:00
STEELCAS,2026-06-30,2026-07-26T16:04:40.275637+00:00
STEELXIND,2026-06-30,2026-07-26T16:04:41.256306+00:00
STEL,2026-06-30,2026-07-26T16:04:42.205152+00:00
STERTOOLS,2026-06-30,2026-07-26T16:04:43.146651+00:00
STLNETWORK,2026-06-30,2026-07-26T16:04:44.089803+00:00
STLTECH,2026-07-01,2026-07-26T16:04:45.025689+00:00
STOVEKRAFT,2026-06-30,2026-07-26T16:04:45.908419+00:00
STYLEBAAZA,2026-06-30,2026-07-26T16:04:48.090066+00:00
STYRENIX,2026-06-30,2026-07-26T16:04:48.864168+00:00
SUBEXLTD,2026-06-30,2026-07-26T16:04:49.565501+00:00
SUBROS,2026-06-30,2026-07-26T16:04:50.313602+00:00
SUDARSCHEM,2026-06-30,2026-07-26T16:04:51.236379+00:00
SUKHJITS,2026-06-30,2026-07-26T16:04:51.934949+00:00
SULA,2026-06-30,2026-07-26T16:04:52.531594+00:00
SUMICHEM,2026-06-30,2026-07-26T16:04:54.353711+00:00
SUMIT,2026-06-30,2026-07-26T16:04:55.197085+00:00
SUMMITSEC,2026-06-30,2026-07-26T16:04:56.239035+00:00
SUNCLAY,2026-06-30,2026-07-26T16:04:56.999287+00:00
SUNDARMFIN,2026-06-30,2026-07-26T16:04:58.652266+00:00
SUNDRMBRAK,2026-06-30,2026-07-26T16:04:59.525403+00:00
SUNDRMFAST,2026-06-30,2026-07-26T16:05:00.262439+00:00
SUNDROP,2026-06-30,2026-07-26T16:05:01.170301+00:00
SUNPHARMA,2026-06-30,2026-07-26T16:05:02.050759+00:00
SUNTECK,2026-06-30,2026-07-26T16:05:03.005224+00:00
SUPERSPIN,2026-06-30,2026-07-26T16:05:03.740622+00:00
SUPRAJIT,2026-06-30,2026-07-26T16:05:04.405374+00:00
SUPREME,2026-06-30,2026-07-26T16:05:05.183090+00:00
SUPREMEIND,2026-06-30,2026-07-26T16:05:06.032018+00:00
SUPRIYA,2026-06-30,2026-07-26T16:05:06.697762+00:00
SURAJEST,2026-06-30,2026-07-26T16:05:07.402054+00:00
SURAKSHA,2026-06-30,2026-07-26T16:05:08.549266+00:00
SURANASOL,2026-06-30,2026-07-26T16:05:09.298729+00:00
SURANAT&P,2026-06-30,2026-07-26T16:05:09.878541+00:00
SURYAROSNI,2026-06-30,2026-07-26T16:05:11.375893+00:00
SURYODAY,2026-06-30,2026-07-26T16:05:11.996609+00:00
SUTLEJTEX,2026-06-30,2026-07-26T16:05:12.962554+00:00
SUVEN,2026-07-08,2026-07-26T16:05:13.740096+00:00
SUZLON,2026-06-30,2026-07-26T16:05:14.516305+00:00
SVLL,2026-06-30,2026-07-26T16:05:15.149259+00:00
SVPGLOB,2026-06-30,2026-07-26T16:05:15.746384+00:00
SWANCORP,2026-06-30,2026-07-26T16:05:16.579997+00:00
SWANDEF,2026-06-30,2026-07-26T16:05:17.084466+00:00
SWARAJ,unknown,2026-07-26T16:05:17.528561+00:00
SWARAJENG,2026-06-30,2026-07-26T16:05:19.260396+00:00
SWIGGY,2026-06-30,2026-07-26T16:05:19.886747+00:00
SWSOLAR,2026-06-30,2026-07-26T16:05:20.584112+00:00
SYMPHONY,2026-06-30,2026-07-26T16:05:21.247691+00:00
SYNGENE,2026-06-30,2026-07-26T16:05:22.151713+00:00
SYRMA,2026-06-30,2026-07-26T16:05:23.076912+00:00
TAINWALCHM,2026-06-30,2026-07-26T16:05:23.646899+00:00
TAJGVK,2026-06-30,2026-07-26T16:05:24.271998+00:00
TAKE,2026-06-30,2026-07-26T16:05:24.926101+00:00
TALBROAUTO,2026-06-30,2026-07-26T16:05:25.933483+00:00
TANLA,2026-06-30,2026-07-26T16:05:26.670513+00:00
TARC,2026-06-30,2026-07-26T16:05:27.360759+00:00
TARIL,2026-06-30,2026-07-26T16:05:28.200274+00:00
TARSONS,2026-06-30,2026-07-26T16:05:28.746181+00:00
TASTYBITE,2026-06-30,2026-07-26T16:05:29.564108+00:00
TATACHEM,2026-06-30,2026-07-26T16:05:34.851117+00:00
TATACOMM,2026-06-30,2026-07-26T16:05:38.606441+00:00
TATACONSUM,2026-06-30,2026-07-26T16:05:43.632909+00:00
TATAELXSI,2026-06-30,2026-07-26T16:05:48.854923+00:00
TATAINVEST,2026-06-30,2026-07-26T16:05:49.767274+00:00
TATAPOWER,2026-06-30,2026-07-26T16:05:54.816820+00:00
TATASTEEL,2026-06-30,2026-07-26T16:06:00.230393+00:00
TATATECH,2026-06-30,2026-07-26T16:06:01.672280+00:00
TBOTEK,2026-06-30,2026-07-26T16:06:02.978724+00:00
TBZ,2026-06-30,2026-07-26T16:06:03.498007+00:00
TCI,2026-06-30,2026-07-26T16:06:04.708337+00:00
TCIEXP,2026-06-30,2026-07-26T16:06:05.390297+00:00
TCIFINANCE,2026-06-30,2026-07-26T16:06:06.063359+00:00
TCPLPACK,2026-06-30,2026-07-26T16:06:06.790733+00:00
TCS,2026-06-30,2026-07-26T16:06:10.201251+00:00
TDPOWERSYS,2026-06-30,2026-07-26T16:06:11.023785+00:00
TEAMGTY,2026-06-30,2026-07-26T16:06:11.796886+00:00
TEAMLEASE,2026-06-30,2026-07-26T16:06:12.415680+00:00
TECHM,2026-06-30,2026-07-26T16:06:14.209477+00:00
TECHNOE,2026-06-30,2026-07-26T16:06:14.895793+00:00
TEGA,2026-06-30,2026-07-26T16:06:15.858321+00:00
TEJASCARGO,unknown,2026-07-26T16:06:16.281558+00:00
TEJASNET,2026-06-30,2026-07-26T16:06:17.058866+00:00
TEMBO,2026-07-22,2026-07-26T16:06:17.624651+00:00
TERASOFT,2026-06-30,2026-07-26T16:06:18.154492+00:00
TEXINFRA,2026-06-30,2026-07-26T16:06:18.702936+00:00
TEXRAIL,2026-06-30,2026-07-26T16:06:19.356079+00:00
TFCILTD,2026-06-30,2026-07-26T16:06:19.934823+00:00
TGBHOTELS,2026-06-30,2026-07-26T16:06:20.504438+00:00
THEINVEST,2026-06-30,2026-07-26T16:06:21.199769+00:00
THEJO,2026-06-30,2026-07-26T16:06:21.768817+00:00
THELEELA,2026-06-30,2026-07-26T16:06:22.288454+00:00
THEMISMED,2026-06-30,2026-07-26T16:06:22.871070+00:00
THERMAX,2026-06-30,2026-07-26T16:06:24.387183+00:00
THOMASCOOK,2026-06-30,2026-07-26T16:06:25.086006+00:00
THOMASCOTT,2026-06-30,2026-07-26T16:06:25.724388+00:00
THYROCARE,2026-06-30,2026-07-26T16:06:26.240619+00:00
TI,2026-06-30,2026-07-26T16:06:26.815065+00:00
TICL,2026-06-30,2026-07-26T16:06:27.498492+00:00
TIIL,2026-06-30,2026-07-26T16:06:28.299006+00:00
TIINDIA,2026-06-30,2026-07-26T16:06:30.905500+00:00
TIL,2026-07-09,2026-07-26T16:06:31.560756+00:00
TIMETECHNO,2026-06-30,2026-07-26T16:06:32.192638+00:00
TIPSFILMS,2026-06-30,2026-07-26T16:06:32.892955+00:00
TIPSMUSIC,2026-06-30,2026-07-26T16:06:33.543669+00:00
TIRUMALCHM,2026-06-30,2026-07-26T16:06:34.152151+00:00
TITAGARH,2026-06-30,2026-07-26T16:06:34.757803+00:00
TITAN,2026-06-30,2026-07-26T16:06:40.228879+00:00
TNPETRO,2026-06-30,2026-07-26T16:06:40.763279+00:00
TNPL,2026-06-30,2026-07-26T13:00:07.314779+00:00
TNTELE,2026-06-30,2026-07-26T16:06:41.384714+00:00
TORNTPHARM,2026-07-20,2026-07-26T16:06:42.495917+00:00
TORNTPOWER,2026-06-30,2026-07-26T16:06:43.230700+00:00
TPHQ,2026-06-30,2026-07-26T16:06:43.816771+00:00
TPLPLASTEH,2026-06-30,2026-07-26T16:06:44.530861+00:00
TRANSRAILL,2026-06-30,2026-07-26T16:06:45.208254+00:00
TRANSWORLD,2026-06-30,2026-07-26T16:06:45.802062+00:00
TRAVELFOOD,2026-06-30,2026-07-26T16:06:49.346687+00:00
TREEHOUSE,2026-06-30,2026-07-26T16:06:49.936176+00:00
TREJHARA,2026-06-30,2026-07-26T16:06:50.649433+00:00
TREL,2026-06-30,2026-07-26T16:06:51.517220+00:00
TRENT,2026-06-30,2026-07-26T16:06:56.808157+00:00
TRF,2026-06-30,2026-07-26T16:06:58.303009+00:00
TRIDENT,2026-06-30,2026-07-26T16:06:58.993688+00:00
TRIGYN,2026-06-30,2026-07-26T16:07:00.026527+00:00
TRITURBINE,2026-06-30,2026-07-26T16:07:00.991883+00:00
TRIVENI,2026-06-30,2026-07-26T12:59:53.211146+00:00
TRU,2026-06-30,2026-07-26T16:07:01.705428+00:00
TTKHLTCARE,2026-06-30,2026-07-26T16:07:03.121469+00:00
TTKPRESTIG,2026-06-30,2026-07-26T16:07:03.786129+00:00
TTL,2026-06-30,2026-07-26T16:07:04.699348+00:00
TTML,2026-06-30,2026-07-26T16:07:09.429786+00:00
TVSELECT,2026-06-30,2026-07-26T16:07:10.318741+00:00
TVSHLTD,2026-06-30,2026-07-26T16:07:11.345161+00:00
TVSMOTOR,2026-06-30,2026-07-26T16:07:12.159749+00:00
TVSSCS,2026-06-30,2026-07-26T16:07:13.009270+00:00
TVSSRICHAK,2026-06-30,2026-07-26T16:07:13.702462+00:00
TVVISION,2026-06-30,2026-07-26T16:07:14.812331+00:00
UBL,2026-06-30,2026-07-26T16:07:15.655373+00:00
UCAL,2026-06-30,2026-07-26T16:07:16.425059+00:00
UCOBANK,2026-06-30,2026-07-26T16:07:17.023712+00:00
UDS,2026-06-30,2026-07-26T16:07:17.666503+00:00
UFLEX,2026-06-30,2026-07-26T16:07:18.651068+00:00
UFO,2026-06-30,2026-07-26T16:07:19.506208+00:00
UGARSUGAR,2026-06-30,2026-07-26T16:07:20.411786+00:00
UGROCAP,2026-06-30,2026-07-26T16:07:21.662584+00:00
UJJIVANSFB,2026-06-30,2026-07-26T16:07:22.285083+00:00
ULTRACEMCO,2026-06-30,2026-07-26T16:07:23.348730+00:00
UNICHEMLAB,2026-06-30,2026-07-26T16:07:24.032621+00:00
UNIECOM,2026-06-30,2026-07-26T16:07:24.841001+00:00
UNIENTER,2026-06-30,2026-07-26T16:07:26.032297+00:00
UNIONBANK,2026-06-30,2026-07-26T16:07:26.561632+00:00
UNIPARTS,2026-06-30,2026-07-26T16:07:27.481696+00:00
UNITDSPR,2026-06-30,2026-07-26T16:07:28.218300+00:00
UNITECH,2026-06-30,2026-07-26T16:07:29.069498+00:00
UNITEDTEA,2026-06-30,2026-07-26T16:07:29.770659+00:00
UNIVCABLES,2026-06-30,2026-07-26T16:07:30.650964+00:00
UNIVPHOTO,2026-06-30,2026-07-26T16:07:31.370790+00:00
UNOMINDA,2026-06-30,2026-07-26T16:07:32.668892+00:00
UPL,2026-06-30,2026-07-26T16:07:34.025896+00:00
URBAN,unknown,2026-07-26T16:07:34.380221+00:00
URBANCO,2026-06-30,2026-07-26T16:07:35.321813+00:00
URJA,2026-06-30,2026-07-26T16:07:35.972917+00:00
USHAFIN,unknown,2026-07-26T16:07:36.356423+00:00
USHAMART,2026-06-30,2026-07-26T16:07:36.976881+00:00
UTIAMC,2026-06-30,2026-07-26T16:07:37.553764+00:00
UTKARSHBNK,2026-06-30,2026-07-26T16:07:38.156051+00:00
UTTAMSUGAR,2026-06-30,2026-07-26T16:07:38.920572+00:00
V2RETAIL,2026-06-30,2026-07-26T16:07:39.563256+00:00
VADILALIND,2026-06-30,2026-07-26T16:07:40.318884+00:00
VAIBHAVGBL,2026-06-30,2026-07-26T16:07:41.025509+00:00
VALIANTLAB,2026-06-30,2026-07-26T16:07:41.642253+00:00
VALIANTORG,2026-06-30,2026-07-26T16:07:42.386587+00:00
VARDHACRLC,2026-06-30,2026-07-26T16:07:42.943776+00:00
VARROC,2026-06-30,2026-07-26T16:07:43.678146+00:00
VASCONEQ,2026-06-30,2026-07-26T16:07:44.363882+00:00
VBL,2026-06-30,2026-07-26T16:07:45.642555+00:00
VEDL,2026-06-30,2026-07-26T16:07:46.437322+00:00
VEEDOL,2026-06-30,2026-07-26T16:07:47.348209+00:00
VENTIVE,2026-06-30,2026-07-26T16:07:48.690404+00:00
VENUSPIPES,2026-06-30,2026-07-26T16:07:49.536729+00:00
VERANDA,2026-06-30,2026-07-26T16:07:50.472976+00:00
VESUVIUS,2026-06-30,2026-07-26T16:07:51.155419+00:00
VGUARD,2026-06-30,2026-07-26T16:07:51.789914+00:00
VHL,2026-06-30,2026-07-26T16:07:52.538903+00:00
VHLTD,2026-06-30,2026-07-26T16:07:53.292660+00:00
VIJAYA,2026-06-30,2026-07-26T16:07:54.037622+00:00
VIJIFIN,2026-07-10,2026-07-26T16:07:54.600476+00:00
VIKASECO,2026-03-31,2026-07-26T16:07:55.220807+00:00
VIKASLIFE,2026-03-31,2026-07-26T16:07:55.951497+00:00
VIKRAMSOLR,2026-06-30,2026-07-26T16:07:57.053216+00:00
VIKRAN,2026-06-30,2026-07-26T16:07:57.758499+00:00
VIMTALABS,2026-06-30,2026-07-26T16:07:58.425337+00:00
VINATIORGA,2026-06-30,2026-07-26T16:07:58.995209+00:00
VINCOFE,2026-06-30,2026-07-26T16:07:59.541224+00:00
VINDHYATEL,2026-06-30,2026-07-26T16:08:00.410944+00:00
VINYLINDIA,2026-06-30,2026-07-26T16:08:01.021323+00:00
VIPIND,2026-06-30,2026-07-26T16:08:01.554269+00:00
VISAKAIND,2026-06-30,2026-07-26T16:08:02.091367+00:00
VISHNU,2026-06-30,2026-07-26T16:08:02.631819+00:00
VISHNUINFR,unknown,2026-07-26T16:08:02.980478+00:00
VLSFINANCE,2026-06-30,2026-07-26T16:08:03.615233+00:00
VMARCIND,unknown,2026-07-26T16:08:04.109115+00:00
VMART,2026-06-30,2026-07-26T16:08:04.853258+00:00
VMM,2026-06-30,2026-07-26T16:08:05.524149+00:00
VOLTAMP,2026-06-30,2026-07-26T16:08:06.088871+00:00
VOLTAS,2026-06-30,2026-07-26T16:08:11.125731+00:00
VSSL,2026-06-30,2026-07-26T16:08:11.778125+00:00
VSTIND,2026-06-30,2026-07-26T16:08:12.468861+00:00
VSTL,2026-06-30,2026-07-26T16:08:13.030737+00:00
VSTTILLERS,2026-06-30,2026-07-26T16:08:13.717595+00:00
VTL,2026-06-30,2026-07-26T16:08:14.371732+00:00
WAAREEENER,2026-06-30,2026-07-26T16:08:15.451093+00:00
WAAREEINDO,2026-06-30,2026-07-26T16:08:15.996888+00:00
WAAREERTL,2026-06-30,2026-07-26T16:08:16.854638+00:00
WABAG,2026-06-30,2026-07-26T16:08:17.420996+00:00
WALCHANNAG,2026-06-30,2026-07-26T16:08:18.138416+00:00
WCIL,2026-06-30,2026-07-26T16:08:19.051217+00:00
WEBELSOLAR,2026-06-30,2026-07-26T16:08:19.687605+00:00
WEIZMANIND,2026-06-30,2026-07-26T16:08:20.580231+00:00
WEL,2026-06-30,2026-07-26T16:08:21.236309+00:00
WELCORP,2026-06-30,2026-07-26T16:08:23.137630+00:00
WELENT,2026-06-30,2026-07-26T16:08:25.293498+00:00
WELINV,2026-06-30,2026-07-26T16:08:27.338860+00:00
WELSPUNLIV,2026-06-30,2026-07-26T16:08:29.325266+00:00
WENDT,2026-06-30,2026-07-26T16:08:30.025668+00:00
WESTLIFE,2026-06-30,2026-07-26T16:08:30.851781+00:00
WHEELS,2026-06-30,2026-07-26T16:08:31.601057+00:00
WHIRLPOOL,2026-06-30,2026-07-26T16:08:32.311771+00:00
WINDMACHIN,2026-06-30,2026-07-26T16:08:33.033607+00:00
WIPL,2026-06-30,2026-07-26T16:08:33.889127+00:00
WIPRO,2026-06-30,2026-07-26T16:08:34.497721+00:00
WOCKPHARMA,2026-06-30,2026-07-26T16:08:35.261660+00:00
WONDERLA,2026-06-30,2026-07-26T16:08:35.976597+00:00
WSI,2026-06-30,2026-07-26T16:08:36.852368+00:00
WSTCSTPAPR,2026-06-30,2026-07-26T16:08:37.563254+00:00
XCHANGING,2026-06-30,2026-07-26T16:08:38.115241+00:00
XPROINDIA,2026-06-30,2026-07-26T16:08:39.460497+00:00
YASHO,2026-06-30,2026-07-26T16:08:40.294797+00:00
YATRA,2026-06-30,2026-07-26T16:08:41.001942+00:00
YESBANK,2026-06-30,2026-07-26T16:08:41.598182+00:00
ZAGGLE,2026-06-30,2026-07-26T16:08:42.336356+00:00
ZEEL,2026-06-30,2026-07-26T16:08:43.466752+00:00
ZEELEARN,2026-06-30,2026-07-26T16:08:44.266978+00:00
ZEEMEDIA,2026-06-30,2026-07-26T16:08:45.283660+00:00
ZENSARTECH,2026-06-30,2026-07-26T16:08:46.075997+00:00
ZENTEC,2026-06-30,2026-07-26T16:08:46.665511+00:00
ZFCVINDIA,2026-06-30,2026-07-26T16:08:47.350712+00:00
ZIMLAB,2026-06-30,2026-07-26T16:08:48.021840+00:00
ZODIAC,2026-06-30,2026-07-26T16:08:48.833039+00:00
ZODIACLOTH,2026-06-30,2026-07-26T16:08:49.506512+00:00
ZUARI,2026-06-30,2026-07-26T16:08:50.115521+00:00
ZUARIIND,2026-06-30,2026-07-26T16:08:50.877230+00:00
ZYDUSLIFE,2026-06-30,2026-07-26T16:08:51.642986+00:00
ZYDUSWELL,2026-06-30,2026-07-26T16:08:53.075541+00:00
